ENA_bioproject_ID,ENA_sample_accession,sample_title,host_subject_id,date_of_birth,sample_collection_date,host_age_weeks,host_age_years,host_sex,host_life_stage,host_life_stage_category,host_diet,host_diet_group,host_gravidity,mother host's_physiological_state_category,kennel,host_family _relationship
PRJEB82125,ERS22560115,Dog_gut_microbiome_SRTP_0_AF1_230327_Ilka1,SRTP_0_Ilka,2016-01-02,2023-03-27,377.29,7.24,female,adult,adult_control,Gemon Dog Adult Tuna & Rice,MPHC-adult,Not Applicable,Not Applicable,Serteperti,"Control adult dog, same living environment, Serteperti kennel"
PRJEB82125,ERS22560116,Dog_gut_microbiome_SRTP_0_AF1_230409_Ilka2,SRTP_0_Ilka,2016-01-02,2023-04-09,379.14,7.27,female,adult,adult_control,Gemon Dog Adult Tuna & Rice,MPHC-adult,Not Applicable,Not Applicable,Serteperti,"Control adult dog, same living environment, Serteperti kennel"
PRJEB82125,ERS22560117,Dog_gut_microbiome_SRTP_0_AF1_230425_Ilka3,SRTP_0_Ilka,2016-01-02,2023-04-25,381.43,7.31,female,adult,adult_control,Gemon Dog Adult Tuna & Rice,MPHC-adult,Not Applicable,Not Applicable,Serteperti,"Control adult dog, same living environment, Serteperti kennel"
PRJEB82125,ERS22560118,Dog_gut_microbiome_SRTP_0_AF1_230507_Ilka4,SRTP_0_Ilka,2016-01-02,2023-05-07,383.14,7.35,female,adult,adult_control,Gemon Dog Adult Tuna & Rice,MPHC-adult,Not Applicable,Not Applicable,Serteperti,"Control adult dog, same living environment, Serteperti kennel"
PRJEB82125,ERS22560119,Dog_gut_microbiome_SRTP_0_AF1_230522_Ilka5,SRTP_0_Ilka,2016-01-02,2023-05-22,385.29,7.39,female,adult,adult_control,Gemon Dog Adult Tuna & Rice,MPHC-adult,Not Applicable,Not Applicable,Serteperti,"Control adult dog, same living environment, Serteperti kennel"
PRJEB82125,ERS22560120,Dog_gut_microbiome_SRTP_0_AF1_230604_Ilka6,SRTP_0_Ilka,2016-01-02,2023-06-04,387.14,7.42,female,adult,adult_control,Gemon Dog Adult Tuna & Rice,MPHC-adult,Not Applicable,Not Applicable,Serteperti,"Control adult dog, same living environment, Serteperti kennel"
PRJEB82125,ERS22560121,Dog_gut_microbiome_SRTP_0_AF1_230621_Ilka7,SRTP_0_Ilka,2016-01-02,2023-06-21,389.57,7.47,female,adult,adult_control,Gemon Dog Adult Tuna & Rice,MPHC-adult,Not Applicable,Not Applicable,Serteperti,"Control adult dog, same living environment, Serteperti kennel"
PRJEB82125,ERS22560122,Dog_gut_microbiome_SRTP_0_AF1_231124_Ilka8,SRTP_0_Ilka,2016-01-02,2023-11-24,411.86,7.89,female,adult,adult_control,Gemon Dog Adult Tuna & Rice,MPHC-adult,Not Applicable,Not Applicable,Serteperti,"Control adult dog, same living environment, Serteperti kennel"
PRJEB82125,ERS22560123,Dog_gut_microbiome_SRTP_0_AF1_231125_Ilka9,SRTP_0_Ilka,2016-01-02,2023-11-25,412.00,7.90,female,adult,adult_control,Gemon Dog Adult Tuna & Rice,MPHC-adult,Not Applicable,Not Applicable,Serteperti,"Control adult dog, same living environment, Serteperti kennel"
PRJEB82125,ERS22560124,Dog_gut_microbiome_SRTP_0_AF2_230327_Lonci1,SRTP_0_Lonci,2017-07-19,2023-03-27,296.71,5.69,female,adult,adult_control,Gemon Dog Adult Tuna & Rice,MPHC-adult,Not Applicable,Not Applicable,Serteperti,"Control adult dog, same living environment, Serteperti kennel"
PRJEB82125,ERS22560125,Dog_gut_microbiome_SRTP_0_AF2_230409_Lonci2,SRTP_0_Lonci,2017-07-19,2023-04-09,298.57,5.72,female,adult,adult_control,Gemon Dog Adult Tuna & Rice,MPHC-adult,Not Applicable,Not Applicable,Serteperti,"Control adult dog, same living environment, Serteperti kennel"
PRJEB82125,ERS22560126,Dog_gut_microbiome_SRTP_0_AF2_230425_Lonci3,SRTP_0_Lonci,2017-07-19,2023-04-25,300.86,5.77,female,adult,adult_control,Gemon Dog Adult Tuna & Rice,MPHC-adult,Not Applicable,Not Applicable,Serteperti,"Control adult dog, same living environment, Serteperti kennel"
PRJEB82125,ERS22560127,Dog_gut_microbiome_SRTP_0_AF2_230508_Lonci4,SRTP_0_Lonci,2017-07-19,2023-05-08,302.71,5.80,female,adult,adult_control,Gemon Dog Adult Tuna & Rice,MPHC-adult,Not Applicable,Not Applicable,Serteperti,"Control adult dog, same living environment, Serteperti kennel"
PRJEB82125,ERS22560128,Dog_gut_microbiome_SRTP_0_AF2_230522_Lonci5,SRTP_0_Lonci,2017-07-19,2023-05-22,304.71,5.84,female,adult,adult_control,Gemon Dog Adult Tuna & Rice,MPHC-adult,Not Applicable,Not Applicable,Serteperti,"Control adult dog, same living environment, Serteperti kennel"
PRJEB82125,ERS22560129,Dog_gut_microbiome_SRTP_0_AF2_230604_Lonci6,SRTP_0_Lonci,2017-07-19,2023-06-04,306.57,5.88,female,adult,adult_control,Gemon Dog Adult Tuna & Rice,MPHC-adult,Not Applicable,Not Applicable,Serteperti,"Control adult dog, same living environment, Serteperti kennel"
PRJEB82125,ERS22560130,Dog_gut_microbiome_SRTP_0_AF2_230620_Lonci7,SRTP_0_Lonci,2017-07-19,2023-06-20,308.86,5.92,female,adult,adult_control,Gemon Dog Adult Tuna & Rice,MPHC-adult,Not Applicable,Not Applicable,Serteperti,"Control adult dog, same living environment, Serteperti kennel"
PRJEB82125,ERS22560131,Dog_gut_microbiome_SRTP_0_AF2_231124_Lonci8,SRTP_0_Lonci,2017-07-19,2023-11-24,331.29,6.35,female,adult,adult_control,Gemon Dog Adult Tuna & Rice,MPHC-adult,Not Applicable,Not Applicable,Serteperti,"Control adult dog, same living environment, Serteperti kennel"
PRJEB82125,ERS22560132,Dog_gut_microbiome_SRTP_0_AF2_231125_Lonci9,SRTP_0_Lonci,2017-07-19,2023-11-25,331.43,6.35,female,adult,adult_control,Gemon Dog Adult Tuna & Rice,MPHC-adult,Not Applicable,Not Applicable,Serteperti,"Control adult dog, same living environment, Serteperti kennel"
PRJEB82125,ERS22560133,Dog_gut_microbiome_SRTP_0_AF2_231130_Lonci10,SRTP_0_Lonci,2017-07-19,2023-11-30,332.14,6.36,female,adult,adult_control,Gemon Dog Adult Tuna & Rice,MPHC-adult,Not Applicable,Not Applicable,Serteperti,"Control adult dog, same living environment, Serteperti kennel"
PRJEB82125,ERS22560134,Dog_gut_microbiome_SRTP_0_AF3_230327_Ajsa1,SRTP_0_Ajsa,2017-12-30,2023-03-27,273.29,5.24,female,adult,adult_control,Gemon Dog Adult Tuna & Rice,MPHC-adult,Not Applicable,Not Applicable,Serteperti,"Mother of litter E and litter G, Serteperti kennel"
PRJEB82125,ERS22560135,Dog_gut_microbiome_SRTP_0_AF3_230409_Ajsa2,SRTP_0_Ajsa,2017-12-30,2023-04-09,275.14,5.28,female,adult,adult_control,Gemon Dog Adult Tuna & Rice,MPHC-adult,Not Applicable,Not Applicable,Serteperti,"Mother of litter E and litter G, Serteperti kennel"
PRJEB82125,ERS22560136,Dog_gut_microbiome_SRTP_0_AF3_230425_Ajsa3,SRTP_0_Ajsa,2017-12-30,2023-04-25,277.43,5.32,female,adult,adult_control,Gemon Dog Adult Tuna & Rice,MPHC-adult,Not Applicable,Not Applicable,Serteperti,"Mother of litter E and litter G, Serteperti kennel"
PRJEB82125,ERS22560137,Dog_gut_microbiome_SRTP_0_AF3_230507_Ajsa4,SRTP_0_Ajsa,2017-12-30,2023-05-07,279.14,5.35,female,adult,adult_control,Gemon Dog Adult Tuna & Rice,MPHC-adult,Not Applicable,Not Applicable,Serteperti,"Mother of litter E and litter G, Serteperti kennel"
PRJEB82125,ERS22560138,Dog_gut_microbiome_SRTP_0_AF3_230522_Ajsa5,SRTP_0_Ajsa,2017-12-30,2023-05-22,281.29,5.39,female,adult,adult_control,Gemon Dog Adult Tuna & Rice,MPHC-adult,Not Applicable,Not Applicable,Serteperti,"Mother of litter E and litter G, Serteperti kennel"
PRJEB82125,ERS22560139,Dog_gut_microbiome_SRTP_0_AF3_230604_Ajsa6,SRTP_0_Ajsa,2017-12-30,2023-06-04,283.14,5.43,female,adult,adult_control,Gemon Dog Adult Tuna & Rice,MPHC-adult,Not Applicable,Not Applicable,Serteperti,"Mother of litter E and litter G, Serteperti kennel"
PRJEB82125,ERS22560140,Dog_gut_microbiome_SRTP_0_AF3_230619_Ajsa7,SRTP_0_Ajsa,2017-12-30,2023-06-19,285.29,5.47,female,adult,adult_control,Gemon Dog Adult Tuna & Rice,MPHC-adult,Not Applicable,Not Applicable,Serteperti,"Mother of litter E and litter G, Serteperti kennel"
PRJEB82125,ERS22560141,Dog_gut_microbiome_SRTP_0_AF3_231125_Ajsa8,SRTP_0_Ajsa,2017-12-30,2023-11-25,308.00,5.90,female,adult,adult_control,Gemon Dog Adult Tuna & Rice,MPHC-adult,Not Applicable,Not Applicable,Serteperti,"Mother of litter E and litter G, Serteperti kennel"
PRJEB82125,ERS22560142,Dog_gut_microbiome_SRTP_0_AF3_231130_Ajsa9,SRTP_0_Ajsa,2017-12-30,2023-11-30,308.71,5.92,female,adult,adult_control,Gemon Dog Adult Tuna & Rice,MPHC-adult,Not Applicable,Not Applicable,Serteperti,"Mother of litter E and litter G, Serteperti kennel"
PRJEB82125,ERS22560143,Dog_gut_microbiome_SRTP_0_AM4_230327_Mini1,SRTP_0_Mini,2019-02-01,2023-03-27,216.43,4.16,male,adult,adult_control,Gemon Dog Adult Tuna & Rice,MPHC-adult,Not Applicable,Not Applicable,Serteperti,"Control adult dog, same living environment, Serteperti kennel"
PRJEB82125,ERS22560144,Dog_gut_microbiome_SRTP_0_AM4_230408_Mini2,SRTP_0_Mini,2019-02-01,2023-04-08,218.14,4.19,male,adult,adult_control,Gemon Dog Adult Tuna & Rice,MPHC-adult,Not Applicable,Not Applicable,Serteperti,"Control adult dog, same living environment, Serteperti kennel"
PRJEB82125,ERS22560145,Dog_gut_microbiome_SRTP_0_AM4_230425_Mini3,SRTP_0_Mini,2019-02-01,2023-04-25,220.57,4.23,male,adult,adult_control,Gemon Dog Adult Tuna & Rice,MPHC-adult,Not Applicable,Not Applicable,Serteperti,"Control adult dog, same living environment, Serteperti kennel"
PRJEB82125,ERS22560146,Dog_gut_microbiome_SRTP_0_AM4_230507_Mini4,SRTP_0_Mini,2019-02-01,2023-05-07,222.29,4.27,male,adult,adult_control,Gemon Dog Adult Tuna & Rice,MPHC-adult,Not Applicable,Not Applicable,Serteperti,"Control adult dog, same living environment, Serteperti kennel"
PRJEB82125,ERS22560147,Dog_gut_microbiome_SRTP_0_AM4_230521_Mini5,SRTP_0_Mini,2019-02-01,2023-05-21,224.29,4.31,male,adult,adult_control,Gemon Dog Adult Tuna & Rice,MPHC-adult,Not Applicable,Not Applicable,Serteperti,"Control adult dog, same living environment, Serteperti kennel"
PRJEB82125,ERS22560148,Dog_gut_microbiome_SRTP_0_AM4_230604_Mini6,SRTP_0_Mini,2019-02-01,2023-06-04,226.29,4.34,male,adult,adult_control,Gemon Dog Adult Tuna & Rice,MPHC-adult,Not Applicable,Not Applicable,Serteperti,"Control adult dog, same living environment, Serteperti kennel"
PRJEB82125,ERS22560149,Dog_gut_microbiome_SRTP_0_AM4_230620_Mini7,SRTP_0_Mini,2019-02-01,2023-06-20,228.57,4.39,male,adult,adult_control,Gemon Dog Adult Tuna & Rice,MPHC-adult,Not Applicable,Not Applicable,Serteperti,"Control adult dog, same living environment, Serteperti kennel"
PRJEB82125,ERS22560150,Dog_gut_microbiome_SRTP_0_AF4_230327_Rozi1,SRTP_0_Rozi,2019-02-01,2023-03-27,216.43,4.16,female,adult,pregnancy,Gemon Dog Adult Tuna & Rice,MPHC-adult,gravid (42 post-conception day),Pregnancy (second trimester),Serteperti,"Mother of litter H, Serteperti kennel"
PRJEB82125,ERS22560151,Dog_gut_microbiome_SRTP_0_AF4_230409_Rozi2,SRTP_0_Rozi,2019-02-01,2023-04-09,218.29,4.19,female,adult,pregnancy,Gemon Dog Adult Tuna & Rice,MPHC-adult,gravid (55 post-conception day),Pregnancy (third trimester),Serteperti,"Mother of litter H, Serteperti kennel"
PRJEB82125,ERS22560152,Dog_gut_microbiome_SRTP_0_AF4_230425_Rozi3,SRTP_0_Rozi,2019-02-01,2023-04-25,220.57,4.23,female,adult,lactation,Gemon Dog Adult Tuna & Rice,MPHC-adult,non gravid (8 post-parturition day),Lactation (early),Serteperti,"Mother of litter H, Serteperti kennel"
PRJEB82125,ERS22560153,Dog_gut_microbiome_SRTP_0_AF4_230522_Rozi4,SRTP_0_Rozi,2019-02-01,2023-05-22,224.43,4.31,female,adult,lactation,Gemon Dog Adult Tuna & Rice + Monge Medium Starter,HPMC-adult,non gravid (35 post-parturition day),Lactation (mid),Serteperti,"Mother of litter H, Serteperti kennel"
PRJEB82125,ERS22560154,Dog_gut_microbiome_SRTP_0_AF4_230604_Rozi5,SRTP_0_Rozi,2019-02-01,2023-06-04,226.29,4.34,female,adult,lactation,Gemon Dog Adult Tuna & Rice + Monge Medium Starter,HPMC-adult,non gravid (48 post-parturition day),Lactation (late),Serteperti,"Mother of litter H, Serteperti kennel"
PRJEB82125,ERS22560155,Dog_gut_microbiome_SRTP_0_AF4_230620_Rozi6,SRTP_0_Rozi,2019-02-01,2023-06-20,228.57,4.39,female,adult,mot_norm,Gemon Dog Adult Tuna & Rice + Monge Medium Starter,HPMC-adult,non gravid (64 post-parturition day),Normal,Serteperti,"Mother of litter H, Serteperti kennel"
PRJEB82125,ERS22560156,Dog_gut_microbiome_SRTP_0_AF4_231125_Rozi7,SRTP_0_Rozi,2019-02-01,2023-11-25,251.14,4.82,female,adult,mot_norm,Gemon Dog Adult Tuna & Rice,MPHC-adult,non gravid,Normal,Serteperti,"Mother of litter H, Serteperti kennel"
PRJEB82125,ERS22560157,Dog_gut_microbiome_SRTP_0_AF4_231130_Rozi8,SRTP_0_Rozi,2019-02-01,2023-11-30,251.86,4.83,female,adult,mot_norm,Gemon Dog Adult Tuna & Rice,MPHC-adult,non gravid,Normal,Serteperti,"Mother of litter H, Serteperti kennel"
PRJEB82125,ERS22560158,Dog_gut_microbiome_SRTP_0_AM1_230327_Degesz1,SRTP_0_Degesz,2013-06-10,2023-03-27,511.00,9.80,male,adult,adult_control,Gemon Dog Adult Tuna & Rice,MPHC-adult,Not Applicable,Not Applicable,Serteperti,"Control adult dog, same living environment, Serteperti kennel"
PRJEB82125,ERS22560159,Dog_gut_microbiome_SRTP_0_AM1_230408_Degesz2,SRTP_0_Degesz,2013-06-10,2023-04-08,512.71,9.83,male,adult,adult_control,Gemon Dog Adult Tuna & Rice,MPHC-adult,Not Applicable,Not Applicable,Serteperti,"Control adult dog, same living environment, Serteperti kennel"
PRJEB82125,ERS22560160,Dog_gut_microbiome_SRTP_0_AM1_230425_Degesz3,SRTP_0_Degesz,2013-06-10,2023-04-25,515.14,9.88,male,adult,adult_control,Gemon Dog Adult Tuna & Rice,MPHC-adult,Not Applicable,Not Applicable,Serteperti,"Control adult dog, same living environment, Serteperti kennel"
PRJEB82125,ERS22560161,Dog_gut_microbiome_SRTP_0_AM1_230508_Degesz4,SRTP_0_Degesz,2013-06-10,2023-05-08,517.00,9.91,male,adult,adult_control,Gemon Dog Adult Tuna & Rice,MPHC-adult,Not Applicable,Not Applicable,Serteperti,"Control adult dog, same living environment, Serteperti kennel"
PRJEB82125,ERS22560162,Dog_gut_microbiome_SRTP_0_AM1_230521_Degesz5,SRTP_0_Degesz,2013-06-10,2023-05-21,518.86,9.95,male,adult,adult_control,Gemon Dog Adult Tuna & Rice,MPHC-adult,Not Applicable,Not Applicable,Serteperti,"Control adult dog, same living environment, Serteperti kennel"
PRJEB82125,ERS22560163,Dog_gut_microbiome_SRTP_0_AM1_230604_Degesz6,SRTP_0_Degesz,2013-06-10,2023-06-04,520.86,9.98,male,adult,adult_control,Gemon Dog Adult Tuna & Rice,MPHC-adult,Not Applicable,Not Applicable,Serteperti,"Control adult dog, same living environment, Serteperti kennel"
PRJEB82125,ERS22560164,Dog_gut_microbiome_SRTP_0_AM1_230620_Degesz7,SRTP_0_Degesz,2013-06-10,2023-06-20,523.14,10.03,male,adult,adult_control,Gemon Dog Adult Tuna & Rice,MPHC-adult,Not Applicable,Not Applicable,Serteperti,"Control adult dog, same living environment, Serteperti kennel"
PRJEB82125,ERS22560165,Dog_gut_microbiome_SRTP_0_AM1_231124_Degesz8,SRTP_0_Degesz,2013-06-10,2023-11-24,545.57,10.46,male,adult,adult_control,Gemon Dog Adult Tuna & Rice,MPHC-adult,Not Applicable,Not Applicable,Serteperti,"Control adult dog, same living environment, Serteperti kennel"
PRJEB82125,ERS22560166,Dog_gut_microbiome_SRTP_0_AM2_230327_Sampo1,SRTP_0_Sampo,2016-05-25,2023-03-27,356.71,6.84,male,adult,adult_control,Gemon Dog Adult Tuna & Rice,MPHC-adult,Not Applicable,Not Applicable,Serteperti,"Control adult dog, same living environment, Serteperti kennel"
PRJEB82125,ERS22560167,Dog_gut_microbiome_SRTP_0_AM2_230409_Sampo2,SRTP_0_Sampo,2016-05-25,2023-04-09,358.57,6.87,male,adult,adult_control,Gemon Dog Adult Tuna & Rice,MPHC-adult,Not Applicable,Not Applicable,Serteperti,"Control adult dog, same living environment, Serteperti kennel"
PRJEB82125,ERS22560168,Dog_gut_microbiome_SRTP_0_AM2_230425_Sampo3,SRTP_0_Sampo,2016-05-25,2023-04-25,360.86,6.92,male,adult,adult_control,Gemon Dog Adult Tuna & Rice,MPHC-adult,Not Applicable,Not Applicable,Serteperti,"Control adult dog, same living environment, Serteperti kennel"
PRJEB82125,ERS22560169,Dog_gut_microbiome_SRTP_0_AM2_230507_Sampo4,SRTP_0_Sampo,2016-05-25,2023-05-07,362.57,6.95,male,adult,adult_control,Gemon Dog Adult Tuna & Rice,MPHC-adult,Not Applicable,Not Applicable,Serteperti,"Control adult dog, same living environment, Serteperti kennel"
PRJEB82125,ERS22560170,Dog_gut_microbiome_SRTP_0_AM2_230521_Sampo5,SRTP_0_Sampo,2016-05-25,2023-05-21,364.57,6.99,male,adult,adult_control,Gemon Dog Adult Tuna & Rice,MPHC-adult,Not Applicable,Not Applicable,Serteperti,"Control adult dog, same living environment, Serteperti kennel"
PRJEB82125,ERS22560171,Dog_gut_microbiome_SRTP_0_AM2_230604_Sampo6,SRTP_0_Sampo,2016-05-25,2023-06-04,366.57,7.03,male,adult,adult_control,Gemon Dog Adult Tuna & Rice,MPHC-adult,Not Applicable,Not Applicable,Serteperti,"Control adult dog, same living environment, Serteperti kennel"
PRJEB82125,ERS22560172,Dog_gut_microbiome_SRTP_0_AM2_230620_Sampo7,SRTP_0_Sampo,2016-05-25,2023-06-20,368.86,7.07,male,adult,adult_control,Gemon Dog Adult Tuna & Rice,MPHC-adult,Not Applicable,Not Applicable,Serteperti,"Control adult dog, same living environment, Serteperti kennel"
PRJEB82125,ERS22560173,Dog_gut_microbiome_SRTP_0_AM2_231125_Sampo8,SRTP_0_Sampo,2016-05-25,2023-11-25,391.43,7.50,male,adult,adult_control,Gemon Dog Adult Tuna & Rice,MPHC-adult,Not Applicable,Not Applicable,Serteperti,"Control adult dog, same living environment, Serteperti kennel"
PRJEB82125,ERS22560174,Dog_gut_microbiome_SRTP_0_AM3_230327_Matyi1,SRTP_0_Matyi,2018-08-08,2023-03-27,241.71,4.64,male,adult,adult_control,Gemon Dog Adult Tuna & Rice,MPHC-adult,Not Applicable,Not Applicable,Serteperti,"Control adult dog, same living environment, Serteperti kennel"
PRJEB82125,ERS22560175,Dog_gut_microbiome_SRTP_0_AM3_230408_Matyi2,SRTP_0_Matyi,2018-08-08,2023-04-08,243.43,4.67,male,adult,adult_control,Gemon Dog Adult Tuna & Rice,MPHC-adult,Not Applicable,Not Applicable,Serteperti,"Control adult dog, same living environment, Serteperti kennel"
PRJEB82125,ERS22560176,Dog_gut_microbiome_SRTP_0_AM3_230425_Matyi3,SRTP_0_Matyi,2018-08-08,2023-04-25,245.86,4.71,male,adult,adult_control,Gemon Dog Adult Tuna & Rice,MPHC-adult,Not Applicable,Not Applicable,Serteperti,"Control adult dog, same living environment, Serteperti kennel"
PRJEB82125,ERS22560177,Dog_gut_microbiome_SRTP_0_AM3_230507_Matyi4,SRTP_0_Matyi,2018-08-08,2023-05-07,247.57,4.75,male,adult,adult_control,Gemon Dog Adult Tuna & Rice,MPHC-adult,Not Applicable,Not Applicable,Serteperti,"Control adult dog, same living environment, Serteperti kennel"
PRJEB82125,ERS22560178,Dog_gut_microbiome_SRTP_0_AM3_230605_Matyi5,SRTP_0_Matyi,2018-08-08,2023-06-05,251.71,4.83,male,adult,adult_control,Gemon Dog Adult Tuna & Rice,MPHC-adult,Not Applicable,Not Applicable,Serteperti,"Control adult dog, same living environment, Serteperti kennel"
PRJEB82125,ERS22560179,Dog_gut_microbiome_SRTP_0_AM3_231125_Matyi6,SRTP_0_Matyi,2018-08-08,2023-11-25,276.43,5.30,male,adult,adult_control,Gemon Dog Adult Tuna & Rice,MPHC-adult,Not Applicable,Not Applicable,Serteperti,"Control adult dog, same living environment, Serteperti kennel"
PRJEB82125,ERS22560181,Dog_gut_microbiome_SRTP_G_PF1_230327_Giza1,SRTP_G_Giza,2022-05-09,2023-03-27,46.00,0.88,female,puppy,puppy,Gemon Dog Adult Tuna & Rice,MPHC-puppy,Not Applicable,Not Applicable,Serteperti,"Puppy of Ajsa, Litter G, Serteperti kennel"
PRJEB82125,ERS22560182,Dog_gut_microbiome_SRTP_G_PF1_230409_Giza2,SRTP_G_Giza,2022-05-09,2023-04-09,47.86,0.92,female,puppy,puppy,Gemon Dog Adult Tuna & Rice,MPHC-puppy,Not Applicable,Not Applicable,Serteperti,"Puppy of Ajsa, Litter G, Serteperti kennel"
PRJEB82125,ERS22560183,Dog_gut_microbiome_SRTP_G_PF1_230430_Giza3,SRTP_G_Giza,2022-05-09,2023-04-30,50.86,0.98,female,puppy,puppy,Gemon Dog Adult Tuna & Rice,MPHC-puppy,Not Applicable,Not Applicable,Serteperti,"Puppy of Ajsa, Litter G, Serteperti kennel"
PRJEB82125,ERS22560184,Dog_gut_microbiome_SRTP_G_PF1_230507_Giza4,SRTP_G_Giza,2022-05-09,2023-05-07,51.86,0.99,female,puppy,puppy,Gemon Dog Adult Tuna & Rice,MPHC-puppy,Not Applicable,Not Applicable,Serteperti,"Puppy of Ajsa, Litter G, Serteperti kennel"
PRJEB82125,ERS22560185,Dog_gut_microbiome_SRTP_G_PF1_230522_Giza5,SRTP_G_Giza,2022-05-09,2023-05-22,54.00,1.04,female,adult,puppies'_adulthood,Gemon Dog Adult Tuna & Rice,MPHC-adult,Not Applicable,Not Applicable,Serteperti,"Puppy of Ajsa, Litter G, Serteperti kennel"
PRJEB82125,ERS22560186,Dog_gut_microbiome_SRTP_G_PF1_230604_Giza6,SRTP_G_Giza,2022-05-09,2023-06-04,55.86,1.07,female,adult,puppies'_adulthood,Gemon Dog Adult Tuna & Rice,MPHC-adult,Not Applicable,Not Applicable,Serteperti,"Puppy of Ajsa, Litter G, Serteperti kennel"
PRJEB82125,ERS22560187,Dog_gut_microbiome_SRTP_G_PF1_230620_Giza7,SRTP_G_Giza,2022-05-09,2023-06-20,58.14,1.11,female,adult,puppies'_adulthood,Gemon Dog Adult Tuna & Rice,MPHC-adult,Not Applicable,Not Applicable,Serteperti,"Puppy of Ajsa, Litter G, Serteperti kennel"
PRJEB82125,ERS22560188,Dog_gut_microbiome_SRTP_G_PF1_231125_Giza9,SRTP_G_Giza,2022-05-09,2023-11-25,80.71,1.54,female,adult,puppies'_adulthood,Gemon Dog Adult Tuna & Rice,MPHC-adult,Not Applicable,Not Applicable,Serteperti,"Puppy of Ajsa, Litter G, Serteperti kennel"
PRJEB82125,ERS22560189,Dog_gut_microbiome_SRTP_G_PF1_231130_Giza8,SRTP_G_Giza,2022-05-09,2023-11-30,81.43,1.56,female,adult,puppies'_adulthood,Gemon Dog Adult Tuna & Rice,MPHC-adult,Not Applicable,Not Applicable,Serteperti,"Puppy of Ajsa, Litter G, Serteperti kennel"
PRJEB82125,ERS22560190,Dog_gut_microbiome_SRTP_H_PM1_230621_Hobo1,SRTP_H_Hobo,2023-04-17,2023-06-21,9.29,0.18,male,puppy,puppy,Monge Medium Starter,HPLC-puppy,Not Applicable,Not Applicable,Serteperti,"Puppy of Rozi, Litter H, Serteperti kennel"
PRJEB82125,ERS22560191,Dog_gut_microbiome_SRTP_H_PM2_230604_Haver2,SRTP_H_Haver,2023-04-17,2023-06-04,6.86,0.13,male,puppy,puppy,Monge Medium Starter,HPLC-puppy,Not Applicable,Not Applicable,Serteperti,"Puppy of Rozi, Litter H, Serteperti kennel"
PRJEB82125,ERS22560192,Dog_gut_microbiome_SRTP_H_PM2_230626_Haver3,SRTP_H_Haver,2023-04-17,2023-06-26,10.00,0.19,male,puppy,puppy,Monge Medium Starter,HPLC-puppy,Not Applicable,Not Applicable,Serteperti,"Puppy of Rozi, Litter H, Serteperti kennel"
PRJEB82125,ERS22560193,Dog_gut_microbiome_SRTP_H_PM2_231130_Haver4,SRTP_H_Haver,2023-04-17,2023-11-30,32.43,0.62,male,puppy,puppy,Gemon Dog Adult Tuna & Rice,MPHC-puppy,Not Applicable,Not Applicable,Serteperti,"Puppy of Rozi, Litter H, Serteperti kennel"
PRJEB82125,ERS22560194,Dog_gut_microbiome_SRTP_H_PM3_230604_Hapsi1,SRTP_H_Hapsi,2023-04-17,2023-06-04,6.86,0.13,male,puppy,puppy,Monge Medium Starter,HPLC-puppy,Not Applicable,Not Applicable,Serteperti,"Puppy of Rozi, Litter H, Serteperti kennel"
PRJEB82125,ERS22560195,Dog_gut_microbiome_SRTP_H_PM3_230622_Hapsi2,SRTP_H_Hapsi,2023-04-17,2023-06-22,9.43,0.18,male,puppy,puppy,Monge Medium Starter,HPLC-puppy,Not Applicable,Not Applicable,Serteperti,"Puppy of Rozi, Litter H, Serteperti kennel"
PRJEB82125,ERS22560196,Dog_gut_microbiome_LPL_0_AF1_230502_Guba6,LPL_0_Guba,2019-04-16,2023-05-02,211.00,4.04,female,adult,pregnancy,Real Nature Pure Lamb; Rabbit ears,HPMC-adult,gravid (33 post-conception day),Pregnancy (second trimester),Le Petit Lapin,"Mother of Litter P and Litter M, Le Petit Lapin Kennel"
PRJEB82125,ERS22560197,Dog_gut_microbiome_LPL_0_AF1_230512_Guba7,LPL_0_Guba,2019-04-16,2023-05-12,212.43,4.07,female,adult,pregnancy,Real Nature Pure Lamb; Rabbit ears,HPMC-adult,gravid (43 post-conception day),Pregnancy (third trimester),Le Petit Lapin,"Mother of Litter P and Litter M, Le Petit Lapin Kennel"
PRJEB82125,ERS22560198,Dog_gut_microbiome_LPL_0_AF1_230523_Guba5,LPL_0_Guba,2019-04-16,2023-05-23,214.00,4.10,female,adult,pregnancy,Real Nature Pure Lamb; Rabbit ears,HPMC-adult,gravid (54 post-conception day),Pregnancy (third trimester),Le Petit Lapin,"Mother of Litter P and Litter M, Le Petit Lapin Kennel"
PRJEB82125,ERS22560199,Dog_gut_microbiome_LPL_0_AF1_230531_Guba2,LPL_0_Guba,2019-04-16,2023-05-31,215.14,4.13,female,adult,pregnancy,Real Nature Pure Lamb; Rabbit ears,HPMC-adult,gravid (62 post-conception day),Prepartum day,Le Petit Lapin,"Mother of Litter P and Litter M, Le Petit Lapin Kennel"
PRJEB82125,ERS22560200,Dog_gut_microbiome_LPL_0_AF1_230603_Guba3,LPL_0_Guba,2019-04-16,2023-06-03,215.57,4.13,female,adult,pregnancy,Real Nature Pure Lamb; Rabbit ears,HPMC-adult,non gravid (1 post-parturition day),Postpartum day,Le Petit Lapin,"Mother of Litter P and Litter M, Le Petit Lapin Kennel"
PRJEB82125,ERS22560201,Dog_gut_microbiome_LPL_0_AF1_230616_Guba4,LPL_0_Guba,2019-04-16,2023-06-16,217.43,4.17,female,adult,lactation,Real Nature Pure Lamb; Rabbit ears,HPMC-adult,non gravid (14 post-parturition day),Lactation (early),Le Petit Lapin,"Mother of Litter P and Litter M, Le Petit Lapin Kennel"
PRJEB82125,ERS22560202,Dog_gut_microbiome_LPL_0_AF1_230630_Guba8,LPL_0_Guba,2019-04-16,2023-06-30,219.43,4.21,female,adult,lactation,Real Nature Pure Lamb; Rabbit ears,HPMC-adult,non gravid (28 post-parturition day),Lactation (mid),Le Petit Lapin,"Mother of Litter P and Litter M, Le Petit Lapin Kennel"
PRJEB82125,ERS22560203,Dog_gut_microbiome_LPL_0_AF1_230729_Guba1,LPL_0_Guba,2019-04-16,2023-07-29,223.57,4.29,female,adult,lactation,Real Nature Pure Lamb; Rabbit ears,HPMC-adult,non gravid (57 post-parturition day),Lactation (late),Le Petit Lapin,"Mother of Litter P and Litter M, Le Petit Lapin Kennel"
PRJEB82125,ERS22560204,Dog_gut_microbiome_LPL_0_AM1_230502_Mizu4,LPL_0_Mizu,2021-07-21,2023-05-02,92.86,1.78,male,adult,adult_control,Real Nature Pure Lamb; Rabbit ears,HPMC-adult,Not Applicable,Not Applicable,Le Petit Lapin,"Control adult dog, same living environment, Le Patit Lapin kennel"
PRJEB82125,ERS22560205,Dog_gut_microbiome_LPL_0_AM1_230512_Mizu2,LPL_0_Mizu,2021-07-21,2023-05-12,94.29,1.81,male,adult,adult_control,Real Nature Pure Lamb; Rabbit ears,HPMC-adult,Not Applicable,Not Applicable,Le Petit Lapin,"Control adult dog, same living environment, Le Patit Lapin kennel"
PRJEB82125,ERS22560206,Dog_gut_microbiome_LPL_0_AM1_230523_Mizu5,LPL_0_Mizu,2021-07-21,2023-05-23,95.86,1.84,male,adult,adult_control,Real Nature Pure Lamb; Rabbit ears,HPMC-adult,Not Applicable,Not Applicable,Le Petit Lapin,"Control adult dog, same living environment, Le Patit Lapin kennel"
PRJEB82125,ERS22560207,Dog_gut_microbiome_LPL_0_AM1_230613_Mizu6,LPL_0_Mizu,2021-07-21,2023-06-13,98.86,1.89,male,adult,adult_control,Real Nature Pure Lamb; Rabbit ears,HPMC-adult,Not Applicable,Not Applicable,Le Petit Lapin,"Control adult dog, same living environment, Le Patit Lapin kennel"
PRJEB82125,ERS22560208,Dog_gut_microbiome_LPL_0_AM1_230627_Mizu3,LPL_0_Mizu,2021-07-21,2023-06-27,100.86,1.93,male,adult,adult_control,Real Nature Pure Lamb; Rabbit ears,HPMC-adult,Not Applicable,Not Applicable,Le Petit Lapin,"Control adult dog, same living environment, Le Patit Lapin kennel"
PRJEB82125,ERS22560209,Dog_gut_microbiome_LPL_0_AM1_230808_Mizu1,LPL_0_Mizu,2021-07-21,2023-08-08,106.86,2.05,male,adult,adult_control,Real Nature Pure Lamb; Rabbit ears,HPMC-adult,Not Applicable,Not Applicable,Le Petit Lapin,"Control adult dog, same living environment, Le Patit Lapin kennel"
PRJEB82125,ERS22560210,Dog_gut_microbiome_LPL_P_PF1_230608_Lila1,LPL_P_Lila,2023-06-02,2023-06-08,0.86,0.02,female,puppy,puppy,Breast milk,Breast milk,Not Applicable,Not Applicable,Le Petit Lapin,"Puppy of Guba, Litter P, Le Patit Lapin kennel"
PRJEB82125,ERS22560211,Dog_gut_microbiome_LPL_P_PF1_230622_Lila2,LPL_P_Lila,2023-06-02,2023-06-22,2.86,0.06,female,puppy,puppy,Breast milk,Breast milk,Not Applicable,Not Applicable,Le Petit Lapin,"Puppy of Guba, Litter P, Le Patit Lapin kennel"
PRJEB82125,ERS22560212,Dog_gut_microbiome_LPL_P_PF1_230713_Lila6,LPL_P_Lila,2023-06-02,2023-07-13,5.86,0.11,female,puppy,puppy,Royal Canin Starter and Real Nature Junior Rind; Pferd,HPLC-puppy,Not Applicable,Not Applicable,Le Petit Lapin,"Puppy of Guba, Litter P, Le Patit Lapin kennel"
PRJEB82125,ERS22560213,Dog_gut_microbiome_LPL_P_PF1_230729_Lila5,LPL_P_Lila,2023-06-02,2023-07-29,8.14,0.16,female,puppy,puppy,Royal Canin Starter and Real Nature Junior Rind; Pferd and rabbit ears,HPLC-puppy,Not Applicable,Not Applicable,Le Petit Lapin,"Puppy of Guba, Litter P, Le Patit Lapin kennel"
PRJEB82125,ERS22560214,Dog_gut_microbiome_LPL_P_PF1_230812_Lila3,LPL_P_Lila,2023-06-02,2023-08-12,10.14,0.19,female,puppy,puppy,Royal Canin Starter and Real Nature Junior Rind; Pferd and rabbit ears,HPLC-puppy,Not Applicable,Not Applicable,Le Petit Lapin,"Puppy of Guba, Litter P, Le Patit Lapin kennel"
PRJEB82125,ERS22560215,Dog_gut_microbiome_LPL_P_PF1_230826_Lila4,LPL_P_Lila,2023-06-02,2023-08-26,12.14,0.23,female,puppy,puppy,Royal Canin Starter and Real Nature Junior Rind; Pferd and rabbit ears,HPLC-puppy,Not Applicable,Not Applicable,Le Petit Lapin,"Puppy of Guba, Litter P, Le Patit Lapin kennel"
PRJEB82125,ERS22560216,Dog_gut_microbiome_LPL_P_PF2_230603_Pink1,LPL_P_Pink,2023-06-02,2023-06-03,0.14,0.00,female,puppy,puppy,Breast milk,Breast milk,Not Applicable,Not Applicable,Le Petit Lapin,"Puppy of Guba, Litter P, Le Patit Lapin kennel"
PRJEB82125,ERS22560217,Dog_gut_microbiome_LPL_P_PF2_230611_Pink6,LPL_P_Pink,2023-06-02,2023-06-11,1.29,0.03,female,puppy,puppy,Breast milk,Breast milk,Not Applicable,Not Applicable,Le Petit Lapin,"Puppy of Guba, Litter P, Le Patit Lapin kennel"
PRJEB82125,ERS22560218,Dog_gut_microbiome_LPL_P_PF2_230713_Pink8,LPL_P_Pink,2023-06-02,2023-07-13,5.86,0.11,female,puppy,puppy,Royal Canin Starter and Real Nature Junior Rind; Pferd,HPLC-puppy,Not Applicable,Not Applicable,Le Petit Lapin,"Puppy of Guba, Litter P, Le Patit Lapin kennel"
PRJEB82125,ERS22560219,Dog_gut_microbiome_LPL_P_PF2_230729_Pink2,LPL_P_Pink,2023-06-02,2023-07-29,8.14,0.16,female,puppy,puppy,Royal Canin Starter and Real Nature Junior Rind; Pferd and rabbit ears,HPLC-puppy,Not Applicable,Not Applicable,Le Petit Lapin,"Puppy of Guba, Litter P, Le Patit Lapin kennel"
PRJEB82125,ERS22560220,Dog_gut_microbiome_LPL_P_PF2_230805_Pink3,LPL_P_Pink,2023-06-02,2023-08-05,9.14,0.18,female,puppy,puppy,Royal Canin Starter and Real Nature Junior Rind; Pferd and rabbit ears,HPLC-puppy,Not Applicable,Not Applicable,Le Petit Lapin,"Puppy of Guba, Litter P, Le Patit Lapin kennel"
PRJEB82125,ERS22560221,Dog_gut_microbiome_LPL_P_PF2_230812_Pink5,LPL_P_Pink,2023-06-02,2023-08-12,10.14,0.19,female,puppy,puppy,Royal Canin Starter and Real Nature Junior Rind; Pferd and rabbit ears,HPLC-puppy,Not Applicable,Not Applicable,Le Petit Lapin,"Puppy of Guba, Litter P, Le Patit Lapin kennel"
PRJEB82125,ERS22560222,Dog_gut_microbiome_LPL_P_PF2_230826_Pink4,LPL_P_Pink,2023-06-02,2023-08-26,12.14,0.23,female,puppy,puppy,Royal Canin Starter and Real Nature Junior Rind; Pferd and rabbit ears,HPLC-puppy,Not Applicable,Not Applicable,Le Petit Lapin,"Puppy of Guba, Litter P, Le Patit Lapin kennel"
PRJEB82125,ERS22560223,Dog_gut_microbiome_LPL_P_PF3_230608_Piros1,LPL_P_Piros,2023-06-02,2023-06-08,0.86,0.02,female,puppy,puppy,Breast milk,Breast milk,Not Applicable,Not Applicable,Le Petit Lapin,"Puppy of Guba, Litter P, Le Patit Lapin kennel"
PRJEB82125,ERS22560224,Dog_gut_microbiome_LPL_P_PF3_230622_Piros3,LPL_P_Piros,2023-06-02,2023-06-22,2.86,0.06,female,puppy,puppy,Breast milk,Breast milk,Not Applicable,Not Applicable,Le Petit Lapin,"Puppy of Guba, Litter P, Le Patit Lapin kennel"
PRJEB82125,ERS22560225,Dog_gut_microbiome_LPL_P_PF3_230713_Piros4,LPL_P_Piros,2023-06-02,2023-07-13,5.86,0.11,female,puppy,puppy,Royal Canin Starter and Real Nature Junior Rind; Pferd,HPLC-puppy,Not Applicable,Not Applicable,Le Petit Lapin,"Puppy of Guba, Litter P, Le Patit Lapin kennel"
PRJEB82125,ERS22560226,Dog_gut_microbiome_LPL_P_PF3_230729_Piros2,LPL_P_Piros,2023-06-02,2023-07-29,8.14,0.16,female,puppy,puppy,Royal Canin Starter and Real Nature Junior Rind; Pferd and rabbit ears,HPLC-puppy,Not Applicable,Not Applicable,Le Petit Lapin,"Puppy of Guba, Litter P, Le Patit Lapin kennel"
PRJEB82125,ERS22560227,Dog_gut_microbiome_LPL_P_PM1_230603_Kek6,LPL_P_Kek,2023-06-02,2023-06-03,0.14,0.00,male,puppy,puppy,Breast milk,Breast milk,Not Applicable,Not Applicable,Le Petit Lapin,"Puppy of Guba, Litter P, Le Patit Lapin kennel"
PRJEB82125,ERS22560228,Dog_gut_microbiome_LPL_P_PM1_230608_Kek5,LPL_P_Kek,2023-06-02,2023-06-08,0.86,0.02,male,puppy,puppy,Breast milk,Breast milk,Not Applicable,Not Applicable,Le Petit Lapin,"Puppy of Guba, Litter P, Le Patit Lapin kennel"
PRJEB82125,ERS22560229,Dog_gut_microbiome_LPL_P_PM1_230622_Kek7,LPL_P_Kek,2023-06-02,2023-06-22,2.86,0.06,male,puppy,puppy,Breast milk,Breast milk,Not Applicable,Not Applicable,Le Petit Lapin,"Puppy of Guba, Litter P, Le Patit Lapin kennel"
PRJEB82125,ERS22560230,Dog_gut_microbiome_LPL_P_PM1_230729_Kek4,LPL_P_Kek,2023-06-02,2023-07-29,8.14,0.16,male,puppy,puppy,Royal Canin Starter and Real Nature Junior Rind; Pferd and rabbit ears,HPLC-puppy,Not Applicable,Not Applicable,Le Petit Lapin,"Puppy of Guba, Litter P, Le Patit Lapin kennel"
PRJEB82125,ERS22560231,Dog_gut_microbiome_LPL_P_PM1_230805_Kek1,LPL_P_Kek,2023-06-02,2023-08-05,9.14,0.18,male,puppy,puppy,Royal Canin Starter and Real Nature Junior Rind; Pferd and rabbit ears,HPLC-puppy,Not Applicable,Not Applicable,Le Petit Lapin,"Puppy of Guba, Litter P, Le Patit Lapin kennel"
PRJEB82125,ERS22560232,Dog_gut_microbiome_LPL_P_PM1_230812_Kek2,LPL_P_Kek,2023-06-02,2023-08-12,10.14,0.19,male,puppy,puppy,Royal Canin Starter and Real Nature Junior Rind; Pferd and rabbit ears,HPLC-puppy,Not Applicable,Not Applicable,Le Petit Lapin,"Puppy of Guba, Litter P, Le Patit Lapin kennel"
PRJEB82125,ERS22560233,Dog_gut_microbiome_LPL_P_PM1_230813_Kek3,LPL_P_Kek,2023-06-02,2023-08-13,10.29,0.20,male,puppy,puppy,Royal Canin Starter and Real Nature Junior Rind; Pferd and rabbit ears,HPLC-puppy,Not Applicable,Not Applicable,Le Petit Lapin,"Puppy of Guba, Litter P, Le Patit Lapin kennel"
PRJEB82125,ERS22560234,Dog_gut_microbiome_LPL_P_PM2_230603_Zold1,LPL_P_Zold,2023-06-02,2023-06-03,0.14,0.00,male,puppy,puppy,Breast milk,Breast milk,Not Applicable,Not Applicable,Le Petit Lapin,"Puppy of Guba, Litter P, Le Patit Lapin kennel"
PRJEB82125,ERS22560235,Dog_gut_microbiome_LPL_P_PM2_230608_Zold7,LPL_P_Zold,2023-06-02,2023-06-08,0.86,0.02,male,puppy,puppy,Breast milk,Breast milk,Not Applicable,Not Applicable,Le Petit Lapin,"Puppy of Guba, Litter P, Le Patit Lapin kennel"
PRJEB82125,ERS22560236,Dog_gut_microbiome_LPL_P_PM2_230622_Zold5,LPL_P_Zold,2023-06-02,2023-06-22,2.86,0.06,male,puppy,puppy,Breast milk,Breast milk,Not Applicable,Not Applicable,Le Petit Lapin,"Puppy of Guba, Litter P, Le Patit Lapin kennel"
PRJEB82125,ERS22560237,Dog_gut_microbiome_LPL_P_PM2_230723_Zold6,LPL_P_Zold,2023-06-02,2023-07-23,7.29,0.14,male,puppy,puppy,Royal Canin Starter and Real Nature Junior Rind; Pferd,HPLC-puppy,Not Applicable,Not Applicable,Le Petit Lapin,"Puppy of Guba, Litter P, Le Patit Lapin kennel"
PRJEB82125,ERS22560238,Dog_gut_microbiome_LPL_P_PM2_230729_Zold2,LPL_P_Zold,2023-06-02,2023-07-29,8.14,0.16,male,puppy,puppy,Royal Canin Starter and Real Nature Junior Rind; Pferd and rabbit ears,HPLC-puppy,Not Applicable,Not Applicable,Le Petit Lapin,"Puppy of Guba, Litter P, Le Patit Lapin kennel"
PRJEB82125,ERS22560239,Dog_gut_microbiome_LPL_P_PM2_230812_Zold4,LPL_P_Zold,2023-06-02,2023-08-12,10.14,0.19,male,puppy,puppy,Royal Canin Starter and Real Nature Junior Rind; Pferd and rabbit ears,HPLC-puppy,Not Applicable,Not Applicable,Le Petit Lapin,"Puppy of Guba, Litter P, Le Patit Lapin kennel"
PRJEB82125,ERS22560240,Dog_gut_microbiome_LPL_P_PM2_230815_Zold3,LPL_P_Zold,2023-06-02,2023-08-15,10.57,0.20,male,puppy,puppy,Royal Canin Starter and Real Nature Junior Rind; Pferd and rabbit ears,HPLC-puppy,Not Applicable,Not Applicable,Le Petit Lapin,"Puppy of Guba, Litter P, Le Patit Lapin kennel"
PRJEB82125,ERS22560251,Dog_gut_microbiome_BKCF_0_AF1_230312_Popy1,BKCF_0_Popy,2017-12-31,2023-03-12,271.00,5.20,female,adult,adult_control,Cavom Compleet Lamb and Rice,MPHC-adult,Not Applicable,Not Applicable,Bükki Cserfes ,"Control adult dog, same living environment, Bükki Cserfes  kennel"
PRJEB82125,ERS22560252,Dog_gut_microbiome_BKCF_0_AF1_230409_Popy3,BKCF_0_Popy,2017-12-31,2023-04-09,275.00,5.28,female,adult,adult_control,Cavom Compleet Lamb and Rice,MPHC-adult,Not Applicable,Not Applicable,Bükki Cserfes ,"Control adult dog, same living environment, Bükki Cserfes  kennel"
PRJEB82125,ERS22560253,Dog_gut_microbiome_BKCF_0_AF1_230424_Popy4,BKCF_0_Popy,2017-12-31,2023-04-24,277.14,5.32,female,adult,adult_control,Cavom Compleet Lamb and Rice,MPHC-adult,Not Applicable,Not Applicable,Bükki Cserfes ,"Control adult dog, same living environment, Bükki Cserfes  kennel"
PRJEB82125,ERS22560254,Dog_gut_microbiome_BKCF_0_AF1_230507_Popy5,BKCF_0_Popy,2017-12-31,2023-05-07,279.00,5.35,female,adult,adult_control,Cavom Compleet Lamb and Rice,MPHC-adult,Not Applicable,Not Applicable,Bükki Cserfes ,"Control adult dog, same living environment, Bükki Cserfes  kennel"
PRJEB82125,ERS22560255,Dog_gut_microbiome_BKCF_0_AF1_230521_Popy9,BKCF_0_Popy,2017-12-31,2023-05-21,281.00,5.39,female,adult,adult_control,Cavom Compleet Lamb and Rice,MPHC-adult,Not Applicable,Not Applicable,Bükki Cserfes ,"Control adult dog, same living environment, Bükki Cserfes  kennel"
PRJEB82125,ERS22560256,Dog_gut_microbiome_BKCF_0_AF1_230603_Popy2,BKCF_0_Popy,2017-12-31,2023-06-03,282.86,5.43,female,adult,adult_control,Cavom Compleet Lamb and Rice,MPHC-adult,Not Applicable,Not Applicable,Bükki Cserfes ,"Control adult dog, same living environment, Bükki Cserfes  kennel"
PRJEB82125,ERS22560257,Dog_gut_microbiome_BKCF_0_AF1_230731_Popy8,BKCF_0_Popy,2017-12-31,2023-07-31,291.14,5.58,female,adult,adult_control,Cavom Compleet Lamb and Rice,MPHC-adult,Not Applicable,Not Applicable,Bükki Cserfes ,"Control adult dog, same living environment, Bükki Cserfes  kennel"
PRJEB82125,ERS22560258,Dog_gut_microbiome_BKCF_0_AF1_230911_Popy6,BKCF_0_Popy,2017-12-31,2023-09-11,297.14,5.70,female,adult,adult_control,Cavom Compleet Lamb and Rice,MPHC-adult,Not Applicable,Not Applicable,Bükki Cserfes ,"Control adult dog, same living environment, Bükki Cserfes  kennel"
PRJEB82125,ERS22560259,Dog_gut_microbiome_BKCF_0_AF1_230924_Popy7,BKCF_0_Popy,2017-12-31,2023-09-24,299.00,5.73,female,adult,adult_control,Cavom Compleet Lamb and Rice,MPHC-adult,Not Applicable,Not Applicable,Bükki Cserfes ,"Control adult dog, same living environment, Bükki Cserfes  kennel"
PRJEB82125,ERS22560260,Dog_gut_microbiome_BKCF_0_AF2_230312_Cserfes3,BKCF_0_Cserfes,2018-09-24,2023-03-12,232.86,4.47,female,adult,mot_norm,Cavom Compleet Lamb and Rice,MPHC-adult,non gravid,Normal,Bükki Cserfes ,"Mother of Litter E, Bükki Cserfes  kennel"
PRJEB82125,ERS22560261,Dog_gut_microbiome_BKCF_0_AF2_230326_Cserfes5,BKCF_0_Cserfes,2018-09-24,2023-03-26,234.86,4.51,female,adult,mot_norm,Cavom Compleet Lamb and Rice,MPHC-adult,non gravid,Normal,Bükki Cserfes ,"Mother of Litter E, Bükki Cserfes  kennel"
PRJEB82125,ERS22560262,Dog_gut_microbiome_BKCF_0_AF2_230409_Cserfes1,BKCF_0_Cserfes,2018-09-24,2023-04-09,236.86,4.54,female,adult,mot_norm,Cavom Compleet Lamb and Rice,MPHC-adult,non gravid,Normal,Bükki Cserfes ,"Mother of Litter E, Bükki Cserfes  kennel"
PRJEB82125,ERS22560263,Dog_gut_microbiome_BKCF_0_AF2_230424_Cserfes14,BKCF_0_Cserfes,2018-09-24,2023-04-24,239.00,4.58,female,adult,mot_norm,Cavom Compleet Lamb and Rice,MPHC-adult,non gravid,Normal,Bükki Cserfes ,"Mother of Litter E, Bükki Cserfes  kennel"
PRJEB82125,ERS22560264,Dog_gut_microbiome_BKCF_0_AF2_230507_Cserfes4,BKCF_0_Cserfes,2018-09-24,2023-05-07,240.86,4.62,female,adult,mot_norm,Cavom Compleet Lamb and Rice,MPHC-adult,non gravid,Normal,Bükki Cserfes ,"Mother of Litter E, Bükki Cserfes  kennel"
PRJEB82125,ERS22560265,Dog_gut_microbiome_BKCF_0_AF2_230521_Cserfes10,BKCF_0_Cserfes,2018-09-24,2023-05-21,242.86,4.66,female,adult,mot_norm,Cavom Compleet Lamb and Rice,MPHC-adult,non gravid,Normal,Bükki Cserfes ,"Mother of Litter E, Bükki Cserfes  kennel"
PRJEB82125,ERS22560266,Dog_gut_microbiome_BKCF_0_AF2_230603_Cserfes2,BKCF_0_Cserfes,2018-09-24,2023-06-03,244.71,4.69,female,adult,mot_norm,Cavom Compleet Lamb and Rice,MPHC-adult,non gravid,Normal,Bükki Cserfes ,"Mother of Litter E, Bükki Cserfes  kennel"
PRJEB82125,ERS22560267,Dog_gut_microbiome_BKCF_0_AF2_230619_Cserfes15,BKCF_0_Cserfes,2018-09-24,2023-06-19,247.00,4.74,female,adult,mot_norm,Cavom Compleet Lamb and Rice,MPHC-adult,non gravid,Normal,Bükki Cserfes ,"Mother of Litter E, Bükki Cserfes  kennel"
PRJEB82125,ERS22560268,Dog_gut_microbiome_BKCF_0_AF2_230720_Cserfes7,BKCF_0_Cserfes,2018-09-24,2023-07-20,251.43,4.82,female,adult,mot_norm,Cavom Compleet Lamb and Rice,MPHC-adult,non gravid,Normal,Bükki Cserfes ,"Mother of Litter E, Bükki Cserfes  kennel"
PRJEB82125,ERS22560269,Dog_gut_microbiome_BKCF_0_AF2_230731_Cserfes6,BKCF_0_Cserfes,2018-09-24,2023-07-31,253.00,4.85,female,adult,pregnancy,Cavom Compleet Lamb and Rice,MPHC-adult,gravid (1 post-conception day),Pregnancy (first trimester),Bükki Cserfes ,"Mother of Litter E, Bükki Cserfes  kennel"
PRJEB82125,ERS22560270,Dog_gut_microbiome_BKCF_0_AF2_230816_Cserfes9,BKCF_0_Cserfes,2018-09-24,2023-08-16,255.29,4.89,female,adult,pregnancy,Cavom Compleet Lamb and Rice,MPHC-adult,gravid (16 post-conception day),Pregnancy (first trimester),Bükki Cserfes ,"Mother of Litter E, Bükki Cserfes  kennel"
PRJEB82125,ERS22560271,Dog_gut_microbiome_BKCF_0_AF2_230911_Cserfes8,BKCF_0_Cserfes,2018-09-24,2023-09-11,259.00,4.96,female,adult,pregnancy,Cavom Compleet Lamb and Rice,MPHC-adult,gravid (41 post-conception day),Pregnancy (second trimester),Bükki Cserfes ,"Mother of Litter E, Bükki Cserfes  kennel"
PRJEB82125,ERS22560272,Dog_gut_microbiome_BKCF_0_AF2_230924_Cserfes13,BKCF_0_Cserfes,2018-09-24,2023-09-24,260.86,5.00,female,adult,pregnancy,Cavom Compleet Lamb and Rice,MPHC-adult,gravid (54 post-conception day),Pregnancy (third trimester),Bükki Cserfes ,"Mother of Litter E, Bükki Cserfes  kennel"
PRJEB82125,ERS22560273,Dog_gut_microbiome_BKCF_0_AF2_231010_Cserfes11,BKCF_0_Cserfes,2018-09-24,2023-10-10,263.14,5.04,female,adult,lactation,Cavom Compleet Lamb and Rice,MPHC-adult,non gravid (7 post-parturition day),Lactation (early),Bükki Cserfes ,"Mother of Litter E, Bükki Cserfes  kennel"
PRJEB82125,ERS22560274,Dog_gut_microbiome_BKCF_0_AF2_231026_Cserfes12,BKCF_0_Cserfes,2018-09-24,2023-10-26,265.43,5.09,female,adult,lactation,Cavom Compleet Lamb and Rice,MPHC-adult,non gravid (23 post-parturition day),Lactation (mid),Bükki Cserfes ,"Mother of Litter E, Bükki Cserfes  kennel"
PRJEB82125,ERS22560275,Dog_gut_microbiome_BKCF_0_AF3_230312_Alma4,BKCF_0_Alma,2020-09-21,2023-03-12,128.86,2.48,female,adult,pregnancy,Cavom Compleet Lamb and Rice,MPHC-adult,gravid (at the day of conception),Pregnancy (first trimester),Bükki Cserfes ,"Mother of Litter D, Bükki Cserfes  kennel"
PRJEB82125,ERS22560276,Dog_gut_microbiome_BKCF_0_AF3_230326_Alma8,BKCF_0_Alma,2020-09-21,2023-03-26,130.86,2.51,female,adult,pregnancy,Cavom Compleet Lamb and Rice,MPHC-adult,gravid (14 post-conception day),Pregnancy (first trimester),Bükki Cserfes ,"Mother of Litter D, Bükki Cserfes  kennel"
PRJEB82125,ERS22560277,Dog_gut_microbiome_BKCF_0_AF3_230409_Alma7,BKCF_0_Alma,2020-09-21,2023-04-09,132.86,2.55,female,adult,pregnancy,Cavom Compleet Lamb and Rice,MPHC-adult,gravid (27 post-conception day),Pregnancy (second trimester),Bükki Cserfes ,"Mother of Litter D, Bükki Cserfes  kennel"
PRJEB82125,ERS22560278,Dog_gut_microbiome_BKCF_0_AF3_230424_Alma2,BKCF_0_Alma,2020-09-21,2023-04-24,135.00,2.59,female,adult,pregnancy,Cavom Compleet Lamb and Rice,MPHC-adult,gravid (42 post-conception day),Pregnancy (second trimester),Bükki Cserfes ,"Mother of Litter D, Bükki Cserfes  kennel"
PRJEB82125,ERS22560279,Dog_gut_microbiome_BKCF_0_AF3_230507_Alma3,BKCF_0_Alma,2020-09-21,2023-05-07,136.86,2.63,female,adult,pregnancy,Cavom Compleet Lamb and Rice,MPHC-adult,gravid (55 post-conception day),Pregnancy (third trimester),Bükki Cserfes ,"Mother of Litter D, Bükki Cserfes  kennel"
PRJEB82125,ERS22560280,Dog_gut_microbiome_BKCF_0_AF3_230521_Alma13,BKCF_0_Alma,2020-09-21,2023-05-21,138.86,2.67,female,adult,lactation,Cavom Compleet Lamb and Rice,MPHC-adult,non gravid (6 post-parturition day),Lactation (early),Bükki Cserfes ,"Mother of Litter D, Bükki Cserfes  kennel"
PRJEB82125,ERS22560281,Dog_gut_microbiome_BKCF_0_AF3_230603_Alma1,BKCF_0_Alma,2020-09-21,2023-06-03,140.71,2.70,female,adult,lactation,Cavom Compleet Lamb and Rice,MPHC-adult,non gravid (18 post-parturition day),Lactation (mid),Bükki Cserfes ,"Mother of Litter D, Bükki Cserfes  kennel"
PRJEB82125,ERS22560282,Dog_gut_microbiome_BKCF_0_AF3_230619_Alma5,BKCF_0_Alma,2020-09-21,2023-06-19,143.00,2.74,female,adult,lactation,Cavom Compleet Lamb and Rice,MPHC-adult,non gravid (34 post-parturition day),Lactation (mid),Bükki Cserfes ,"Mother of Litter D, Bükki Cserfes  kennel"
PRJEB82125,ERS22560283,Dog_gut_microbiome_BKCF_0_AF3_230731_Alma10,BKCF_0_Alma,2020-09-21,2023-07-31,149.00,2.86,female,adult,mot_norm,Cavom Compleet Lamb and Rice,MPHC-adult,non gravid,Normal,Bükki Cserfes ,"Mother of Litter D, Bükki Cserfes  kennel"
PRJEB82125,ERS22560284,Dog_gut_microbiome_BKCF_0_AF3_230816_Alma6,BKCF_0_Alma,2020-09-21,2023-08-16,151.29,2.90,female,adult,mot_norm,Cavom Compleet Lamb and Rice,MPHC-adult,non gravid,Normal,Bükki Cserfes ,"Mother of Litter D, Bükki Cserfes  kennel"
PRJEB82125,ERS22560285,Dog_gut_microbiome_BKCF_0_AF3_230827_Alma11,BKCF_0_Alma,2020-09-21,2023-08-27,152.86,2.93,female,adult,mot_norm,Cavom Compleet Lamb and Rice,MPHC-adult,non gravid,Normal,Bükki Cserfes ,"Mother of Litter D, Bükki Cserfes  kennel"
PRJEB82125,ERS22560286,Dog_gut_microbiome_BKCF_0_AF3_230911_Alma12,BKCF_0_Alma,2020-09-21,2023-09-11,155.00,2.97,female,adult,mot_norm,Cavom Compleet Lamb and Rice,MPHC-adult,non gravid,Normal,Bükki Cserfes ,"Mother of Litter D, Bükki Cserfes  kennel"
PRJEB82125,ERS22560287,Dog_gut_microbiome_BKCF_0_AF3_230924_Alma9,BKCF_0_Alma,2020-09-21,2023-09-24,156.86,3.01,female,adult,mot_norm,Cavom Compleet Lamb and Rice,MPHC-adult,non gravid,Normal,Bükki Cserfes ,"Mother of Litter D, Bükki Cserfes  kennel"
PRJEB82125,ERS22560288,Dog_gut_microbiome_BKCF_0_AF3_231010_Alma14,BKCF_0_Alma,2020-09-21,2023-10-10,159.14,3.05,female,adult,mot_norm,Cavom Compleet Lamb and Rice,MPHC-adult,non gravid,Normal,Bükki Cserfes ,"Mother of Litter D, Bükki Cserfes  kennel"
PRJEB82125,ERS22560289,Dog_gut_microbiome_BKCF_0_AF3_231114_Alma15,BKCF_0_Alma,2020-09-21,2023-11-14,164.14,3.15,female,adult,mot_norm,Cavom Compleet Lamb and Rice,MPHC-adult,non gravid,Normal,Bükki Cserfes ,"Mother of Litter D, Bükki Cserfes  kennel"
PRJEB82125,ERS22560290,Dog_gut_microbiome_BKCF_0_AF4_230312_Benge2,BKCF_0_Benge,2021-08-18,2023-03-12,81.57,1.57,female,adult,adult_control,Cavom Compleet Lamb and Rice,MPHC-adult,Not Applicable,Not Applicable,Bükki Cserfes ,"Control adult dog, same living environment, Bükki Cserfes  kennel"
PRJEB82125,ERS22560291,Dog_gut_microbiome_BKCF_0_AF4_230326_Benge4,BKCF_0_Benge,2021-08-18,2023-03-26,83.57,1.61,female,adult,adult_control,Cavom Compleet Lamb and Rice,MPHC-adult,Not Applicable,Not Applicable,Bükki Cserfes ,"Control adult dog, same living environment, Bükki Cserfes  kennel"
PRJEB82125,ERS22560292,Dog_gut_microbiome_BKCF_0_AF4_230409_Benge5,BKCF_0_Benge,2021-08-18,2023-04-09,85.57,1.64,female,adult,adult_control,Cavom Compleet Lamb and Rice,MPHC-adult,Not Applicable,Not Applicable,Bükki Cserfes ,"Control adult dog, same living environment, Bükki Cserfes  kennel"
PRJEB82125,ERS22560293,Dog_gut_microbiome_BKCF_0_AF4_230424_Benge1,BKCF_0_Benge,2021-08-18,2023-04-24,87.71,1.68,female,adult,adult_control,Cavom Compleet Lamb and Rice,MPHC-adult,Not Applicable,Not Applicable,Bükki Cserfes ,"Control adult dog, same living environment, Bükki Cserfes  kennel"
PRJEB82125,ERS22560294,Dog_gut_microbiome_BKCF_0_AF4_230507_Benge11,BKCF_0_Benge,2021-08-18,2023-05-07,89.57,1.72,female,adult,adult_control,Cavom Compleet Lamb and Rice,MPHC-adult,Not Applicable,Not Applicable,Bükki Cserfes ,"Control adult dog, same living environment, Bükki Cserfes  kennel"
PRJEB82125,ERS22560295,Dog_gut_microbiome_BKCF_0_AF4_230521_Benge12,BKCF_0_Benge,2021-08-18,2023-05-21,91.57,1.76,female,adult,adult_control,Cavom Compleet Lamb and Rice,MPHC-adult,Not Applicable,Not Applicable,Bükki Cserfes ,"Control adult dog, same living environment, Bükki Cserfes  kennel"
PRJEB82125,ERS22560296,Dog_gut_microbiome_BKCF_0_AF4_230603_Benge3,BKCF_0_Benge,2021-08-18,2023-06-03,93.43,1.79,female,adult,adult_control,Cavom Compleet Lamb and Rice,MPHC-adult,Not Applicable,Not Applicable,Bükki Cserfes ,"Control adult dog, same living environment, Bükki Cserfes  kennel"
PRJEB82125,ERS22560297,Dog_gut_microbiome_BKCF_0_AF4_230619_Benge13,BKCF_0_Benge,2021-08-18,2023-06-19,95.71,1.84,female,adult,adult_control,Cavom Compleet Lamb and Rice,MPHC-adult,Not Applicable,Not Applicable,Bükki Cserfes ,"Control adult dog, same living environment, Bükki Cserfes  kennel"
PRJEB82125,ERS22560298,Dog_gut_microbiome_BKCF_0_AF4_230816_Benge6,BKCF_0_Benge,2021-08-18,2023-08-16,104.00,1.99,female,adult,adult_control,Cavom Compleet Lamb and Rice,MPHC-adult,Not Applicable,Not Applicable,Bükki Cserfes ,"Control adult dog, same living environment, Bükki Cserfes  kennel"
PRJEB82125,ERS22560299,Dog_gut_microbiome_BKCF_0_AF4_230911_Benge8,BKCF_0_Benge,2021-08-18,2023-09-11,107.71,2.06,female,adult,adult_control,Cavom Compleet Lamb and Rice,MPHC-adult,Not Applicable,Not Applicable,Bükki Cserfes ,"Control adult dog, same living environment, Bükki Cserfes  kennel"
PRJEB82125,ERS22560300,Dog_gut_microbiome_BKCF_0_AF4_230924_Benge7,BKCF_0_Benge,2021-08-18,2023-09-24,109.57,2.10,female,adult,adult_control,Cavom Compleet Lamb and Rice,MPHC-adult,Not Applicable,Not Applicable,Bükki Cserfes ,"Control adult dog, same living environment, Bükki Cserfes  kennel"
PRJEB82125,ERS22560301,Dog_gut_microbiome_BKCF_0_AF4_231010_Benge9,BKCF_0_Benge,2021-08-18,2023-10-10,111.86,2.14,female,adult,adult_control,Cavom Compleet Lamb and Rice,MPHC-adult,Not Applicable,Not Applicable,Bükki Cserfes ,"Control adult dog, same living environment, Bükki Cserfes  kennel"
PRJEB82125,ERS22560302,Dog_gut_microbiome_BKCF_0_AF4_231026_Benge10,BKCF_0_Benge,2021-08-18,2023-10-26,114.14,2.19,female,adult,adult_control,Cavom Compleet Lamb and Rice,MPHC-adult,Not Applicable,Not Applicable,Bükki Cserfes ,"Control adult dog, same living environment, Bükki Cserfes  kennel"
PRJEB82125,ERS22560303,Dog_gut_microbiome_BKCF_D_PF1_230720_Datolya1,BKCF_D_Datolya,2023-05-15,2023-07-20,9.43,0.18,female,puppy,puppy,Cavom Compleet Lamb and Rice,MPHC-puppy,Not Applicable,Not Applicable,Bükki Cserfes ,"Puppy of Alma, Litter D, Bükki Cserfes  kennel"
PRJEB82125,ERS22560304,Dog_gut_microbiome_BKCF_D_PF1230830_Datolya2,BKCF_D_Datolya,2023-05-15,2023-08-30,15.29,0.29,female,puppy,puppy,Cavom Compleet Lamb and Rice,MPHC-puppy,Not Applicable,Not Applicable,Bükki Cserfes ,"Puppy of Alma, Litter D, Bükki Cserfes  kennel"
PRJEB82125,ERS22560305,Dog_gut_microbiome_BKCF_D_PM1_230613_Dio1,BKCF_D_Dio,2023-05-15,2023-06-13,4.14,0.08,male,puppy,puppy,Cavom Compleet Lamb and Rice,MPHC-puppy,Not Applicable,Not Applicable,Bükki Cserfes ,"Puppy of Alma, Litter D, Bükki Cserfes  kennel"
PRJEB82125,ERS22560306,Dog_gut_microbiome_BKCF_D_PM1_230619_Dio2,BKCF_D_Dio,2023-05-15,2023-06-19,5.00,0.09,male,puppy,puppy,Cavom Compleet Lamb and Rice,MPHC-puppy,Not Applicable,Not Applicable,Bükki Cserfes ,"Puppy of Alma, Litter D, Bükki Cserfes  kennel"
PRJEB82125,ERS22560307,Dog_gut_microbiome_BKCF_E_PF1_231106_Egres,BKCF_E_Egres,2023-10-03,2023-11-06,4.86,0.09,female,puppy,puppy,Cavom Compleet Lamb and Rice,MPHC-puppy,Not Applicable,Not Applicable,Bükki Cserfes ,"Puppy of Cserfes, Litter E, Bükki Cserfes  kennel"
PRJEB82125,ERS22560308,Dog_gut_microbiome_BKCF_E_PF2_231106_Encian,BKCF_E_Encian,2023-10-03,2023-11-06,4.86,0.09,female,puppy,puppy,Cavom Compleet Lamb and Rice,MPHC-puppy,Not Applicable,Not Applicable,Bükki Cserfes ,"Puppy of Cserfes, Litter E, Bükki Cserfes  kennel"
PRJEB82125,ERS22560309,Dog_gut_microbiome_BKCF_E_PM1_231106_Eben,BKCF_E_Eben,2023-10-03,2023-11-06,4.86,0.09,male,puppy,puppy,Cavom Compleet Lamb and Rice,MPHC-puppy,Not Applicable,Not Applicable,Bükki Cserfes ,"Puppy of Cserfes, Litter E, Bükki Cserfes  kennel"
PRJEB82125,ERS22560310,Dog_gut_microbiome_BKCF_E_PM2_231106_Eszakisas,BKCF_E_Eszakisas,2023-10-03,2023-11-06,4.86,0.09,male,puppy,puppy,Cavom Compleet Lamb and Rice,MPHC-puppy,Not Applicable,Not Applicable,Bükki Cserfes ,"Puppy of Cserfes, Litter E, Bükki Cserfes  kennel"
PRJEB82125,ERS22560311,Dog_gut_microbiome_BKCF_E_PM3_231112_Edeskomeny,BKCF_E_Edeskomeny,2023-10-03,2023-11-12,5.71,0.11,male,puppy,puppy,Cavom Compleet Lamb and Rice,MPHC-puppy,Not Applicable,Not Applicable,Bükki Cserfes ,"Puppy of Cserfes, Litter E, Bükki Cserfes  kennel"
PRJEB82125,ERS22560312,Dog_gut_microbiome_RR_0_AF1_230112_Anna4,RR_0_Anna,2018-12-18,2023-01-12,212.29,4.07,female,adult,mot_norm,Gosbi Grain Free Adult,HPMC-adult,non gravid,Normal,Rezerta-Réti ,"Mother of Litter G, Rezerta-Réti kennel"
PRJEB82125,ERS22560313,Dog_gut_microbiome_RR_0_AF1_230114_Anna1,RR_0_Anna,2018-12-18,2023-01-14,212.57,4.07,female,adult,mot_norm,Gosbi Grain Free Adult,HPMC-adult,non gravid,Normal,Rezerta-Réti ,"Mother of Litter G, Rezerta-Réti kennel"
PRJEB82125,ERS22560314,Dog_gut_microbiome_RR_0_AF1_230129_Anna2,RR_0_Anna,2018-12-18,2023-01-29,214.71,4.11,female,adult,mot_norm,Gosbi Grain Free Adult,HPMC-adult,non gravid,Normal,Rezerta-Réti ,"Mother of Litter G, Rezerta-Réti kennel"
PRJEB82125,ERS22560315,Dog_gut_microbiome_RR_0_AF1_230225_Anna6,RR_0_Anna,2018-12-18,2023-02-25,218.57,4.19,female,adult,mot_norm,Gosbi Grain Free Adult,HPMC-adult,non gravid,Normal,Rezerta-Réti ,"Mother of Litter G, Rezerta-Réti kennel"
PRJEB82125,ERS22560316,Dog_gut_microbiome_RR_0_AF1_230308_Anna3,RR_0_Anna,2018-12-18,2023-03-08,220.14,4.22,female,adult,mot_norm,Gosbi Grain Free Adult,HPMC-adult,non gravid,Normal,Rezerta-Réti ,"Mother of Litter G, Rezerta-Réti kennel"
PRJEB82125,ERS22560317,Dog_gut_microbiome_RR_0_AF1_230312_Anna5,RR_0_Anna,2018-12-18,2023-03-12,220.71,4.23,female,adult,mot_norm,Gosbi Grain Free Adult,HPMC-adult,non gravid,Normal,Rezerta-Réti ,"Mother of Litter G, Rezerta-Réti kennel"
PRJEB82125,ERS22560318,Dog_gut_microbiome_RR_0_AF1_230325_Anna7,RR_0_Anna,2018-12-18,2023-03-25,222.57,4.27,female,adult,mot_norm,Gosbi Grain Free Adult,HPMC-adult,non gravid,Normal,Rezerta-Réti ,"Mother of Litter G, Rezerta-Réti kennel"
PRJEB82125,ERS22560319,Dog_gut_microbiome_RR_0_AF1_230423_Anna8,RR_0_Anna,2018-12-18,2023-04-23,226.71,4.35,female,adult,mot_norm,Gosbi Grain Free Adult,HPMC-adult,non gravid,Normal,Rezerta-Réti ,"Mother of Litter G, Rezerta-Réti kennel"
PRJEB82125,ERS22560320,Dog_gut_microbiome_RR_0_AF1_240318_Anna10,RR_0_Anna,2018-12-18,2024-03-18,273.86,5.25,female,adult,lactation,Gosbi Grain Free Adult + boiled chicken and pasta,HPMC-adult,non gravid (5 post-parturition day),Lactation (early),Rezerta-Réti ,"Mother of Litter G, Rezerta-Réti kennel"
PRJEB82125,ERS22560321,Dog_gut_microbiome_RR_0_AF1_240413_Anna9,RR_0_Anna,2018-12-18,2024-04-13,277.57,5.32,female,adult,lactation,Gosbi Grain Free Adult,HPMC-adult,non gravid (30 post-parturition day),Lactation (mid),Rezerta-Réti ,"Mother of Litter G, Rezerta-Réti kennel"
PRJEB82125,ERS22560322,Dog_gut_microbiome_RR_0_AF1_240428_Anna11,RR_0_Anna,2018-12-18,2024-04-28,279.71,5.36,female,adult,lactation,Gosbi Grain Free Adult,HPMC-adult,non gravid (45 post-parturition day),Lactation (late),Rezerta-Réti ,"Mother of Litter G, Rezerta-Réti kennel"
PRJEB82125,ERS22560323,Dog_gut_microbiome_RR_0_AF2_230105_Hanga1,RR_0_Hanga,2020-06-19,2023-01-05,132.86,2.54,female,adult,pregnancy,Gosbi Grain Free Adult,HPMC-adult,gravid (12 post-conception day),Pregnancy (first trimester),Rezerta-Réti ,"Mother of Litter F, Rezerta-Réti kennel"
PRJEB82125,ERS22560324,Dog_gut_microbiome_RR_0_AF2_230114_Hanga2,RR_0_Hanga,2020-06-19,2023-01-14,134.14,2.57,female,adult,pregnancy,Gosbi Grain Free Adult,HPMC-adult,gravid (21 post-conception day),Pregnancy (first trimester),Rezerta-Réti ,"Mother of Litter F, Rezerta-Réti kennel"
PRJEB82125,ERS22560325,Dog_gut_microbiome_RR_0_AF2_230128_Hanga5,RR_0_Hanga,2020-06-19,2023-01-28,136.14,2.61,female,adult,pregnancy,Gosbi Grain Free Adult,HPMC-adult,gravid (35 post-conception day),Pregnancy (second trimester),Rezerta-Réti ,"Mother of Litter F, Rezerta-Réti kennel"
PRJEB82125,ERS22560326,Dog_gut_microbiome_RR_0_AF2_230212_Hanga8,RR_0_Hanga,2020-06-19,2023-02-12,138.29,2.65,female,adult,pregnancy,Gosbi Grain Free Adult,HPMC-adult,gravid (49 post-conception day),Pregnancy (third trimester),Rezerta-Réti ,"Mother of Litter F, Rezerta-Réti kennel"
PRJEB82125,ERS22560327,Dog_gut_microbiome_RR_0_AF2_230224_Hanga9,RR_0_Hanga,2020-06-19,2023-02-24,140.00,2.68,female,adult,pregnancy,Gosbi Grain Free Adult,HPMC-adult,gravid (61 post-conception day),Pregnancy (third trimester),Rezerta-Réti ,"Mother of Litter F, Rezerta-Réti kennel"
PRJEB82125,ERS22560328,Dog_gut_microbiome_RR_0_AF2_230225_Hanga6,RR_0_Hanga,2020-06-19,2023-02-25,140.14,2.68,female,adult,adult_control,Gosbi Grain Free Adult,HPMC-adult,gravid (62 post-conception day),Prepartum day,Rezerta-Réti ,"Mother of Litter F, Rezerta-Réti kennel"
PRJEB82125,ERS22560329,Dog_gut_microbiome_RR_0_AF2_230312_Hanga7,RR_0_Hanga,2020-06-19,2023-03-12,142.29,2.73,female,adult,lactation,Gosbi Grain Free Adult + boiled chicken and pasta,HPMC-adult,non gravid (16 post-parturition day),Lactation (mid),Rezerta-Réti ,"Mother of Litter F, Rezerta-Réti kennel"
PRJEB82125,ERS22560330,Dog_gut_microbiome_RR_0_AF2_230325_Hanga3,RR_0_Hanga,2020-06-19,2023-03-25,144.14,2.77,female,adult,lactation,Gosbi Grain Free Adult,HPMC-adult,non gravid (29 post-parturition day),Lactation (mid),Rezerta-Réti ,"Mother of Litter F, Rezerta-Réti kennel"
PRJEB82125,ERS22560331,Dog_gut_microbiome_RR_0_AF2_230408_Hanga4,RR_0_Hanga,2020-06-19,2023-04-08,146.14,2.80,female,adult,lactation,Gosbi Grain Free Adult,HPMC-adult,non gravid (42 post-parturition day),Lactation (late),Rezerta-Réti ,"Mother of Litter F, Rezerta-Réti kennel"
PRJEB82125,ERS22560332,Dog_gut_microbiome_RR_0_AF2_230423_Hanga10,RR_0_Hanga,2020-06-19,2023-04-23,148.29,2.84,female,adult,lactation,Gosbi Grain Free Adult,HPMC-adult,non gravid (57 post-parturition day),Lactation (late),Rezerta-Réti ,"Mother of Litter F, Rezerta-Réti kennel"
PRJEB82125,ERS22560333,Dog_gut_microbiome_RR_0_AF2_230507_Hanga11,RR_0_Hanga,2020-06-19,2023-05-07,150.29,2.88,female,adult,mot_norm,Gosbi Grain Free Adult,HPMC-adult,non gravid,Normal,Rezerta-Réti ,"Mother of Litter F, Rezerta-Réti kennel"
PRJEB82125,ERS22560334,Dog_gut_microbiome_RR_0_AF2_240413_Hanga12,RR_0_Hanga,2020-06-19,2024-04-13,199.14,3.82,female,adult,mot_norm,Gosbi Grain Free Adult,HPMC-adult,non gravid,Normal,Rezerta-Réti ,"Mother of Litter F, Rezerta-Réti kennel"
PRJEB82125,ERS22560335,Dog_gut_microbiome_RR_0_AF3_230114_Cinke3,RR_0_Cinke,2021-03-10,2023-01-14,96.43,1.84,female,adult,adult_control,Gosbi Grain Free Adult,HPMC-adult,Not Applicable,Not Applicable,Rezerta-Réti ,"Control adult dog, same living environment, Rezerta-Réti kennel"
PRJEB82125,ERS22560336,Dog_gut_microbiome_RR_0_AF3_230125_Cinke4,RR_0_Cinke,2021-03-10,2023-01-25,98.00,1.88,female,adult,adult_control,Gosbi Grain Free Adult,HPMC-adult,Not Applicable,Not Applicable,Rezerta-Réti ,"Control adult dog, same living environment, Rezerta-Réti kennel"
PRJEB82125,ERS22560337,Dog_gut_microbiome_RR_0_AF3_230212_Cinke1,RR_0_Cinke,2021-03-10,2023-02-12,100.57,1.92,female,adult,adult_control,Gosbi Grain Free Adult,HPMC-adult,Not Applicable,Not Applicable,Rezerta-Réti ,"Control adult dog, same living environment, Rezerta-Réti kennel"
PRJEB82125,ERS22560338,Dog_gut_microbiome_RR_0_AF3_230225_Cinke6,RR_0_Cinke,2021-03-10,2023-02-25,102.43,1.96,female,adult,adult_control,Gosbi Grain Free Adult,HPMC-adult,Not Applicable,Not Applicable,Rezerta-Réti ,"Control adult dog, same living environment, Rezerta-Réti kennel"
PRJEB82125,ERS22560339,Dog_gut_microbiome_RR_0_AF3_230312_Cinke5,RR_0_Cinke,2021-03-10,2023-03-12,104.57,2.01,female,adult,adult_control,Gosbi Grain Free Adult,HPMC-adult,Not Applicable,Not Applicable,Rezerta-Réti ,"Control adult dog, same living environment, Rezerta-Réti kennel"
PRJEB82125,ERS22560340,Dog_gut_microbiome_RR_0_AF3_230325_Cinke9,RR_0_Cinke,2021-03-10,2023-03-25,106.43,2.04,female,adult,adult_control,Gosbi Grain Free Adult,HPMC-adult,Not Applicable,Not Applicable,Rezerta-Réti ,"Control adult dog, same living environment, Rezerta-Réti kennel"
PRJEB82125,ERS22560341,Dog_gut_microbiome_RR_0_AF3_230408_Cinke2,RR_0_Cinke,2021-03-10,2023-04-08,108.43,2.08,female,adult,adult_control,Gosbi Grain Free Adult,HPMC-adult,Not Applicable,Not Applicable,Rezerta-Réti ,"Control adult dog, same living environment, Rezerta-Réti kennel"
PRJEB82125,ERS22560342,Dog_gut_microbiome_RR_0_AF3_230423_Cinke7,RR_0_Cinke,2021-03-10,2023-04-23,110.57,2.12,female,adult,adult_control,Gosbi Grain Free Adult,HPMC-adult,Not Applicable,Not Applicable,Rezerta-Réti ,"Control adult dog, same living environment, Rezerta-Réti kennel"
PRJEB82125,ERS22560343,Dog_gut_microbiome_RR_0_AF3_230507_Cinke8,RR_0_Cinke,2021-03-10,2023-05-07,112.57,2.16,female,adult,adult_control,Gosbi Grain Free Adult,HPMC-adult,Not Applicable,Not Applicable,Rezerta-Réti ,"Control adult dog, same living environment, Rezerta-Réti kennel"
PRJEB82125,ERS22560344,Dog_gut_microbiome_RR_0_AM1_230115_Perec4,RR_0_Perec,2021-05-18,2023-01-15,86.71,1.66,male,adult,adult_control,Gosbi Grain Free Adult,HPMC-adult,Not Applicable,Not Applicable,Rezerta-Réti ,"Control adult dog, same living environment, Rezerta-Réti kennel"
PRJEB82125,ERS22560345,Dog_gut_microbiome_RR_0_AM1_230129_Perec1,RR_0_Perec,2021-05-18,2023-01-29,88.71,1.70,male,adult,adult_control,Gosbi Grain Free Adult,HPMC-adult,Not Applicable,Not Applicable,Rezerta-Réti ,"Control adult dog, same living environment, Rezerta-Réti kennel"
PRJEB82125,ERS22560346,Dog_gut_microbiome_RR_0_AM1_230212_Perec2,RR_0_Perec,2021-05-18,2023-02-12,90.71,1.73,male,adult,adult_control,Gosbi Grain Free Adult,HPMC-adult,Not Applicable,Not Applicable,Rezerta-Réti ,"Control adult dog, same living environment, Rezerta-Réti kennel"
PRJEB82125,ERS22560347,Dog_gut_microbiome_RR_0_AM1_230225_Perec5,RR_0_Perec,2021-05-18,2023-02-25,92.57,1.77,male,adult,adult_control,Gosbi Grain Free Adult,HPMC-adult,Not Applicable,Not Applicable,Rezerta-Réti ,"Control adult dog, same living environment, Rezerta-Réti kennel"
PRJEB82125,ERS22560348,Dog_gut_microbiome_RR_0_AM1_230312_Perec3,RR_0_Perec,2021-05-18,2023-03-12,94.71,1.82,male,adult,adult_control,Gosbi Grain Free Adult,HPMC-adult,Not Applicable,Not Applicable,Rezerta-Réti ,"Control adult dog, same living environment, Rezerta-Réti kennel"
PRJEB82125,ERS22560349,Dog_gut_microbiome_RR_0_AM1_230325_Perec7,RR_0_Perec,2021-05-18,2023-03-25,96.57,1.85,male,adult,adult_control,Gosbi Grain Free Adult,HPMC-adult,Not Applicable,Not Applicable,Rezerta-Réti ,"Control adult dog, same living environment, Rezerta-Réti kennel"
PRJEB82125,ERS22560350,Dog_gut_microbiome_RR_0_AM1_230408_Perec6,RR_0_Perec,2021-05-18,2023-04-08,98.57,1.89,male,adult,adult_control,Gosbi Grain Free Adult,HPMC-adult,Not Applicable,Not Applicable,Rezerta-Réti ,"Control adult dog, same living environment, Rezerta-Réti kennel"
PRJEB82125,ERS22560351,Dog_gut_microbiome_RR_0_AM1_230423_Perec8,RR_0_Perec,2021-05-18,2023-04-23,100.71,1.93,male,adult,adult_control,Gosbi Grain Free Adult,HPMC-adult,Not Applicable,Not Applicable,Rezerta-Réti ,"Control adult dog, same living environment, Rezerta-Réti kennel"
PRJEB82125,ERS22560352,Dog_gut_microbiome_RR_0_AM1_230521_Perec9,RR_0_Perec,2021-05-18,2023-05-21,104.71,2.01,male,adult,adult_control,Gosbi Grain Free Adult,HPMC-adult,Not Applicable,Not Applicable,Rezerta-Réti ,"Control adult dog, same living environment, Rezerta-Réti kennel"
PRJEB82125,ERS22560353,Dog_gut_microbiome_RR_F_PF1_230322_Fagyal8,RR_F_Fagyal,2023-02-26,2023-03-22,3.43,0.07,female,puppy,puppy,Breast milk,Breast milk,Not Applicable,Not Applicable,Rezerta-Réti ,"Puppy of Hanga, Litter F, Rezerta-Réti kennel"
PRJEB82125,ERS22560354,Dog_gut_microbiome_RR_F_PF1_230330_Fagyal10,RR_F_Fagyal,2023-02-26,2023-03-30,4.57,0.09,female,puppy,puppy,Breast milk + Josera Family Plus,Breast milk _ HPLC-puppy,Not Applicable,Not Applicable,Rezerta-Réti ,"Puppy of Hanga, Litter F, Rezerta-Réti kennel"
PRJEB82125,ERS22560355,Dog_gut_microbiome_RR_F_PF1_230408_Fagyal9,RR_F_Fagyal,2023-02-26,2023-04-08,5.86,0.12,female,puppy,puppy,Breast milk + Josera Family Plus,Breast milk _ HPLC-puppy,Not Applicable,Not Applicable,Rezerta-Réti ,"Puppy of Hanga, Litter F, Rezerta-Réti kennel"
PRJEB82125,ERS22560356,Dog_gut_microbiome_RR_F_PF1_230423_Fagyal4,RR_F_Fagyal,2023-02-26,2023-04-23,8.00,0.16,female,puppy,puppy,Breast milk + Josera Family Plus,Breast milk _ HPLC-puppy,Not Applicable,Not Applicable,Rezerta-Réti ,"Puppy of Hanga, Litter F, Rezerta-Réti kennel"
PRJEB82125,ERS22560357,Dog_gut_microbiome_RR_F_PF1_230507_Fagyal5,RR_F_Fagyal,2023-02-26,2023-05-07,10.00,0.20,female,puppy,puppy,Gosbi Grain Free Puppy,HPMC-puppy,Not Applicable,Not Applicable,Rezerta-Réti ,"Puppy of Hanga, Litter F, Rezerta-Réti kennel"
PRJEB82125,ERS22560358,Dog_gut_microbiome_RR_F_PF1_230521_Fagyal1,RR_F_Fagyal,2023-02-26,2023-05-21,12.00,0.24,female,puppy,puppy,Gosbi Grain Free Puppy,HPMC-puppy,Not Applicable,Not Applicable,Rezerta-Réti ,"Puppy of Hanga, Litter F, Rezerta-Réti kennel"
PRJEB82125,ERS22560359,Dog_gut_microbiome_RR_F_PF1_240227_Fagyal2,RR_F_Fagyal,2023-02-26,2024-02-27,52.29,1.00,female,adult,puppies'_adulthood,Gosbi Grain Free Adult,HPMC-adult,Not Applicable,Not Applicable,Rezerta-Réti ,"Puppy of Hanga, Litter F, Rezerta-Réti kennel"
PRJEB82125,ERS22560361,Dog_gut_microbiome_RR_F_PF1_240414_Fagyal3,RR_F_Fagyal,2023-02-26,2024-04-14,59.00,1.13,female,adult,puppies'_adulthood,Gosbi Grain Free Adult,HPMC-adult,Not Applicable,Not Applicable,Rezerta-Réti ,"Puppy of Hanga, Litter F, Rezerta-Réti kennel"
PRJEB82125,ERS22560363,Dog_gut_microbiome_RR_F_PF2_230308_Felho6,RR_F_ Felho,2023-02-26,2023-03-08,1.43,0.03,female,puppy,puppy,Breast milk,Breast milk,Not Applicable,Not Applicable,Rezerta-Réti ,"Puppy of Hanga, Litter F, Rezerta-Réti kennel"
PRJEB82125,ERS22560364,Dog_gut_microbiome_RR_F_PF2_230325_Felho4,RR_F_Felho,2023-02-26,2023-03-25,3.86,0.08,female,puppy,puppy,Breast milk,Breast milk,Not Applicable,Not Applicable,Rezerta-Réti ,"Puppy of Hanga, Litter F, Rezerta-Réti kennel"
PRJEB82125,ERS22560365,Dog_gut_microbiome_RR_F_PF2_230330_Felho5,RR_F_Felho,2023-02-26,2023-03-30,4.57,0.09,female,puppy,puppy,Breast milk + Josera Family Plus,Breast milk _ HPLC-puppy,Not Applicable,Not Applicable,Rezerta-Réti ,"Puppy of Hanga, Litter F, Rezerta-Réti kennel"
PRJEB82125,ERS22560366,Dog_gut_microbiome_RR_F_PF2_230423_Felho1,RR_F_Felho,2023-02-26,2023-04-23,8.00,0.16,female,puppy,puppy,Breast milk + Josera Family Plus,Breast milk _ HPLC-puppy,Not Applicable,Not Applicable,Rezerta-Réti ,"Puppy of Hanga, Litter F, Rezerta-Réti kennel"
PRJEB82125,ERS22560368,Dog_gut_microbiome_RR_F_PF2_240414_Felho2,RR_F_Felho,2023-02-26,2024-04-14,59.00,1.13,female,adult,puppies'_adulthood,Gosbi Grain Free Adult,HPMC-adult,Not Applicable,Not Applicable,Rezerta-Réti ,"Puppy of Hanga, Litter F, Rezerta-Réti kennel"
PRJEB82125,ERS22560369,Dog_gut_microbiome_RR_F_PF2_240428_Felho7,RR_F_Felho,2023-02-26,2024-04-28,61.00,1.17,female,adult,puppies'_adulthood,Gosbi Grain Free Adult,HPMC-adult,Not Applicable,Not Applicable,Rezerta-Réti ,"Puppy of Hanga, Litter F, Rezerta-Réti kennel"
PRJEB82125,ERS22560370,Dog_gut_microbiome_RR_F_PM1_230408_Fasli7,RR_F_Fasli,2023-02-26,2023-04-08,5.86,0.12,male,puppy,puppy,Breast milk + Josera Family Plus,Breast milk _ HPLC-puppy,Not Applicable,Not Applicable,Rezerta-Réti ,"Puppy of Hanga, Litter F, Rezerta-Réti kennel"
PRJEB82125,ERS22560371,Dog_gut_microbiome_RR_F_PM1_230423_Fasli4,RR_F_Fasli,2023-02-26,2023-04-23,8.00,0.16,male,puppy,puppy,Breast milk + Josera Family Plus,Breast milk _ HPLC-puppy,Not Applicable,Not Applicable,Rezerta-Réti ,"Puppy of Hanga, Litter F, Rezerta-Réti kennel"
PRJEB82125,ERS22560372,Dog_gut_microbiome_RR_F_PM1_230507_Fasli2,RR_F_Fasli,2023-02-26,2023-05-07,10.00,0.20,male,puppy,puppy,Gosbi Grain Free Puppy,HPMC-puppy,Not Applicable,Not Applicable,Rezerta-Réti ,"Puppy of Hanga, Litter F, Rezerta-Réti kennel"
PRJEB82125,ERS22560373,Dog_gut_microbiome_RR_F_PM1_230521_Fasli3,RR_F_Fasli,2023-02-26,2023-05-21,12.00,0.24,male,puppy,puppy,Gosbi Grain Free Puppy,HPMC-puppy,Not Applicable,Not Applicable,Rezerta-Réti ,"Puppy of Hanga, Litter F, Rezerta-Réti kennel"
PRJEB82125,ERS22560374,Dog_gut_microbiome_RR_F_PM1_230826_Fasli1,RR_F_Fasli,2023-02-26,2023-08-26,25.86,0.50,male,puppy,puppy,Gosbi Grain Free Puppy,HPMC-puppy,Not Applicable,Not Applicable,Rezerta-Réti ,"Puppy of Hanga, Litter F, Rezerta-Réti kennel"
PRJEB82125,ERS22560375,Dog_gut_microbiome_RR_F_PM1_240404_Fasli5,RR_F_Fasli,2023-02-26,2024-04-04,57.57,1.11,male,adult,puppies'_adulthood,Gosbi Grain Free Adult,HPMC-adult,Not Applicable,Not Applicable,Rezerta-Réti ,"Puppy of Hanga, Litter F, Rezerta-Réti kennel"
PRJEB82125,ERS22560376,Dog_gut_microbiome_RR_F_PM1_240414_Fasli6,RR_F_Fasli,2023-02-26,2024-04-14,59.00,1.13,male,adult,puppies'_adulthood,Gosbi Grain Free Adult,HPMC-adult,Not Applicable,Not Applicable,Rezerta-Réti ,"Puppy of Hanga, Litter F, Rezerta-Réti kennel"
PRJEB82125,ERS22560377,Dog_gut_microbiome_RR_F_PM1_240428_Fasli8,RR_F_Fasli,2023-02-26,2024-04-28,61.00,1.17,male,adult,puppies'_adulthood,Gosbi Grain Free Adult,HPMC-adult,Not Applicable,Not Applicable,Rezerta-Réti ,"Puppy of Hanga, Litter F, Rezerta-Réti kennel"
PRJEB82125,ERS22560378,Dog_gut_microbiome_RR_F_PM2_230330_Fecni1,RR_F_Fecni,2023-02-26,2023-03-30,4.57,0.09,male,puppy,puppy,Breast milk + Josera Family Plus,Breast milk _ HPLC-puppy,Not Applicable,Not Applicable,Rezerta-Réti ,"Puppy of Hanga, Litter F, Rezerta-Réti kennel"
PRJEB82125,ERS22560379,Dog_gut_microbiome_RR_F_PM2_230402_Fecni3,RR_F_Fecni,2023-02-26,2023-04-02,5.00,0.10,male,puppy,puppy,Breast milk + Josera Family Plus,Breast milk _ HPLC-puppy,Not Applicable,Not Applicable,Rezerta-Réti ,"Puppy of Hanga, Litter F, Rezerta-Réti kennel"
PRJEB82125,ERS22560380,Dog_gut_microbiome_RR_F_PM2_230408_Fecni2,RR_F_Fecni,2023-02-26,2023-04-08,5.86,0.12,male,puppy,puppy,Breast milk + Josera Family Plus,Breast milk _ HPLC-puppy,Not Applicable,Not Applicable,Rezerta-Réti ,"Puppy of Hanga, Litter F, Rezerta-Réti kennel"
PRJEB82125,ERS22560381,Dog_gut_microbiome_RR_F_PM3_230320_Fagy5,RR_F_Fagy,2023-02-26,2023-03-20,3.14,0.07,male,puppy,puppy,Breast milk,Breast milk,Not Applicable,Not Applicable,Rezerta-Réti ,"Puppy of Hanga, Litter F, Rezerta-Réti kennel"
PRJEB82125,ERS22560382,Dog_gut_microbiome_RR_F_PM3_230326_Fagy4,RR_F_Fagy,2023-02-26,2023-03-26,4.00,0.08,male,puppy,puppy,Breast milk + Josera Family Plus,Breast milk _ HPLC-puppy,Not Applicable,Not Applicable,Rezerta-Réti ,"Puppy of Hanga, Litter F, Rezerta-Réti kennel"
PRJEB82125,ERS22560383,Dog_gut_microbiome_RR_F_PM3_230408_Fagy2,RR_F_Fagy,2023-02-26,2023-04-08,5.86,0.12,male,puppy,puppy,Breast milk + Josera Family Plus,Breast milk _ HPLC-puppy,Not Applicable,Not Applicable,Rezerta-Réti ,"Puppy of Hanga, Litter F, Rezerta-Réti kennel"
PRJEB82125,ERS22560384,Dog_gut_microbiome_RR_F_PM3_230423_Fagy1,RR_F_Fagy,2023-02-26,2023-04-23,8.00,0.16,male,puppy,puppy,Breast milk + Josera Family Plus,Breast milk _ HPLC-puppy,Not Applicable,Not Applicable,Rezerta-Réti ,"Puppy of Hanga, Litter F, Rezerta-Réti kennel"
PRJEB82125,ERS22560385,Dog_gut_microbiome_RR_F_PM3_230507_Fagy7,RR_F_Fagy,2023-02-26,2023-05-07,10.00,0.20,male,puppy,puppy,Cavom Compleet Lamb and Rice,MPHC-puppy,Not Applicable,Not Applicable,Rezerta-Réti ,"Puppy of Hanga, Litter F, Rezerta-Réti kennel"
PRJEB82125,ERS22560386,Dog_gut_microbiome_RR_F_PM3_230521_Fagy13,RR_F_Fagy,2023-02-26,2023-05-21,12.00,0.24,male,puppy,puppy,Cavom Compleet Lamb and Rice,MPHC-puppy,Not Applicable,Not Applicable,Rezerta-Réti ,"Puppy of Hanga, Litter F, Rezerta-Réti kennel"
PRJEB82125,ERS22560387,Dog_gut_microbiome_RR_F_PM3_230603_Fagy6,RR_F_Fagy,2023-02-26,2023-06-03,13.86,0.27,male,puppy,puppy,Cavom Compleet Lamb and Rice,MPHC-puppy,Not Applicable,Not Applicable,Rezerta-Réti ,"Puppy of Hanga, Litter F, Rezerta-Réti kennel"
PRJEB82125,ERS22560388,Dog_gut_microbiome_RR_F_PM3_230816_Fagy8,RR_F_Fagy,2023-02-26,2023-08-16,24.43,0.47,male,puppy,puppy,Cavom Compleet Lamb and Rice,MPHC-puppy,Not Applicable,Not Applicable,Rezerta-Réti ,"Puppy of Hanga, Litter F, Rezerta-Réti kennel"
PRJEB82125,ERS22560389,Dog_gut_microbiome_RR_F_PM3_230827_Fagy9,RR_F_Fagy,2023-02-26,2023-08-27,26.00,0.50,male,puppy,puppy,Cavom Compleet Lamb and Rice,MPHC-puppy,Not Applicable,Not Applicable,Rezerta-Réti ,"Puppy of Hanga, Litter F, Rezerta-Réti kennel"
PRJEB82125,ERS22560390,Dog_gut_microbiome_RR_F_PM3_230911_Fagy11,RR_F_Fagy,2023-02-26,2023-09-11,28.14,0.54,male,puppy,puppy,Cavom Compleet Lamb and Rice,MPHC-puppy,Not Applicable,Not Applicable,Rezerta-Réti ,"Puppy of Hanga, Litter F, Rezerta-Réti kennel"
PRJEB82125,ERS22560391,Dog_gut_microbiome_RR_F_PM3_230924_Fagy10,RR_F_Fagy,2023-02-26,2023-09-24,30.00,0.58,male,puppy,puppy,Cavom Compleet Lamb and Rice,MPHC-puppy,Not Applicable,Not Applicable,Rezerta-Réti ,"Puppy of Hanga, Litter F, Rezerta-Réti kennel"
PRJEB82125,ERS22560392,Dog_gut_microbiome_RR_F_PM3_231026_Fagy12,RR_F_Fagy,2023-02-26,2023-10-26,34.57,0.67,male,puppy,puppy,Cavom Compleet Lamb and Rice,MPHC-puppy,Not Applicable,Not Applicable,Rezerta-Réti ,"Puppy of Hanga, Litter F, Rezerta-Réti kennel"
PRJEB82125,ERS22560393,Dog_gut_microbiome_RR_F_PM3_240428_Fagy3,RR_F_Fagy,2023-02-26,2024-04-28,61.00,1.17,male,adult,puppies'_adulthood,Cavom Compleet Lamb and Rice,MPHC-adult,Not Applicable,Not Applicable,Rezerta-Réti ,"Puppy of Hanga, Litter F, Rezerta-Réti kennel"
PRJEB82125,ERS22560394,Dog_gut_microbiome_RR_F_PM4_230308_Fodor8,RR_F_Fodor,2023-02-26,2023-03-08,1.43,0.03,male,puppy,puppy,Breast milk,Breast milk,Not Applicable,Not Applicable,Rezerta-Réti ,"Puppy of Hanga, Litter F, Rezerta-Réti kennel"
PRJEB82125,ERS22560395,Dog_gut_microbiome_RR_F_PM4_230320_Fodor7,RR_F_Fodor,2023-02-26,2023-03-20,3.14,0.07,male,puppy,puppy,Breast milk,Breast milk,Not Applicable,Not Applicable,Rezerta-Réti ,"Puppy of Hanga, Litter F, Rezerta-Réti kennel"
PRJEB82125,ERS22560396,Dog_gut_microbiome_RR_F_PM4_230330_Fodor9,RR_F_Fodor,2023-02-26,2023-03-30,4.57,0.09,male,puppy,puppy,Breast milk + Josera Family Plus,Breast milk _ HPLC-puppy,Not Applicable,Not Applicable,Rezerta-Réti ,"Puppy of Hanga, Litter F, Rezerta-Réti kennel"
PRJEB82125,ERS22560397,Dog_gut_microbiome_RR_F_PM4_230507_Fodor1,RR_F_Fodor,2023-02-26,2023-05-07,10.00,0.20,male,puppy,puppy,Gosbi Grain Free Puppy,HPMC-puppy,Not Applicable,Not Applicable,Rezerta-Réti ,"Puppy of Hanga, Litter F, Rezerta-Réti kennel"
PRJEB82125,ERS22560398,Dog_gut_microbiome_RR_F_PM4_240318_Fodor3,RR_F_Fodor,2023-02-26,2024-03-18,55.14,1.06,male,adult,puppies'_adulthood,Gosbi Grain Free Adult,HPMC-adult,Not Applicable,Not Applicable,Rezerta-Réti ,"Puppy of Hanga, Litter F, Rezerta-Réti kennel"
PRJEB82125,ERS22560399,Dog_gut_microbiome_RR_F_PM4_240327_Fodor5,RR_F_Fodor,2023-02-26,2024-03-27,56.43,1.09,male,adult,puppies'_adulthood,Gosbi Grain Free Adult,HPMC-adult,Not Applicable,Not Applicable,Rezerta-Réti ,"Puppy of Hanga, Litter F, Rezerta-Réti kennel"
PRJEB82125,ERS22560400,Dog_gut_microbiome_RR_F_PM4_240331_Fodor6,RR_F_Fodor,2023-02-26,2024-03-31,57.00,1.10,male,adult,puppies'_adulthood,Gosbi Grain Free Adult,HPMC-adult,Not Applicable,Not Applicable,Rezerta-Réti ,"Puppy of Hanga, Litter F, Rezerta-Réti kennel"
PRJEB82125,ERS22560401,Dog_gut_microbiome_RR_F_PM4_240408_Fodor10,RR_F_Fodor,2023-02-26,2024-04-28,61.00,1.17,male,adult,puppies'_adulthood,Gosbi Grain Free Adult,HPMC-adult,Not Applicable,Not Applicable,Rezerta-Réti ,"Puppy of Hanga, Litter F, Rezerta-Réti kennel"
PRJEB82125,ERS22560402,Dog_gut_microbiome_RR_F_PM4_240414_Fodor4,RR_F_Fodor,2023-02-26,2024-04-14,59.00,1.13,male,adult,puppies'_adulthood,Gosbi Grain Free Adult,HPMC-adult,Not Applicable,Not Applicable,Rezerta-Réti ,"Puppy of Hanga, Litter F, Rezerta-Réti kennel"
PRJEB82125,ERS22560403,Dog_gut_microbiome_RR_G_PF1_240316_Galagonya2,RR_G_Galagonya,2024-03-13,2024-03-16,0.43,0.01,female,puppy,puppy,Breast milk,Breast milk,Not Applicable,Not Applicable,Rezerta-Réti ,"Puppy of Anna, Litter G, Rezerta-Réti kennel"
PRJEB82125,ERS22560404,Dog_gut_microbiome_RR_G_PF1_240413_Galagonya1,RR_G_Galagonya,2024-03-13,2024-04-13,4.43,0.08,female,puppy,puppy,Breast milk + Josera Family Plus,Breast milk _ HPLC-puppy,Not Applicable,Not Applicable,Rezerta-Réti ,"Puppy of Anna, Litter G, Rezerta-Réti kennel"
PRJEB82125,ERS22560405,Dog_gut_microbiome_RR_G_PF2_240326_Gyongy2,RR_G_Gyongy,2024-03-13,2024-03-26,1.86,0.04,female,puppy,puppy,Breast milk,Breast milk,Not Applicable,Not Applicable,Rezerta-Réti ,"Puppy of Anna, Litter G, Rezerta-Réti kennel"
PRJEB82125,ERS22560406,Dog_gut_microbiome_RR_G_PF2_240413_Gyongy1,RR_G_Gyongy,2024-03-13,2024-04-13,4.43,0.08,female,puppy,puppy,Breast milk + Josera Family Plus,Breast milk _ HPLC-puppy,Not Applicable,Not Applicable,Rezerta-Réti ,"Puppy of Anna, Litter G, Rezerta-Réti kennel"
PRJEB82125,ERS22560407,Dog_gut_microbiome_RR_G_PM1_240320_Grafit3,RR_G_Grafit,2024-03-13,2024-03-20,1.00,0.02,male,puppy,puppy,Breast milk,Breast milk,Not Applicable,Not Applicable,Rezerta-Réti ,"Puppy of Anna, Litter G, Rezerta-Réti kennel"
PRJEB82125,ERS22560408,Dog_gut_microbiome_RR_G_PM1_240404_Grafit1,RR_G_Grafit,2024-03-13,2024-04-04,3.14,0.06,male,puppy,puppy,Breast milk,Breast milk,Not Applicable,Not Applicable,Rezerta-Réti ,"Puppy of Anna, Litter G, Rezerta-Réti kennel"
PRJEB82125,ERS22560409,Dog_gut_microbiome_RR_G_PM1_240414_Grafit2,RR_G_Grafit,2024-03-13,2024-04-14,4.57,0.09,male,puppy,puppy,Breast milk + Josera Family Plus,Breast milk _ HPLC-puppy,Not Applicable,Not Applicable,Rezerta-Réti ,"Puppy of Anna, Litter G, Rezerta-Réti kennel"
PRJEB82125,ERS22560410,Dog_gut_microbiome_RR_G_PM1_240428_Grafit4,RR_G_Grafit,2024-03-13,2024-04-28,6.57,0.13,male,puppy,puppy,Breast milk + Josera Family Plus,Breast milk _ HPLC-puppy,Not Applicable,Not Applicable,Rezerta-Réti ,"Puppy of Anna, Litter G, Rezerta-Réti kennel"
PRJEB82125,ERS22560411,Dog_gut_microbiome_RR_G_PM2_240313_Garas2,RR_G_Garas,2024-03-13,2024-03-13,0.00,0.00,male,puppy,puppy,Breast milk,Breast milk,Not Applicable,Not Applicable,Rezerta-Réti ,"Puppy of Anna, Litter G, Rezerta-Réti kennel"
PRJEB82125,ERS22560412,Dog_gut_microbiome_RR_G_PM2_240401_Garas3,RR_G_Garas,2024-03-13,2024-04-01,2.71,0.05,male,puppy,puppy,Breast milk,Breast milk,Not Applicable,Not Applicable,Rezerta-Réti ,"Puppy of Anna, Litter G, Rezerta-Réti kennel"
PRJEB82125,ERS22560413,Dog_gut_microbiome_RR_G_PM2_240414_Garas1,RR_G_Garas,2024-03-13,2024-04-14,4.57,0.09,male,puppy,puppy,Breast milk + Josera Family Plus,Breast milk _ HPLC-puppy,Not Applicable,Not Applicable,Rezerta-Réti ,"Puppy of Anna, Litter G, Rezerta-Réti kennel"
PRJEB82125,ERS22560414,Dog_gut_microbiome_RR_G_PM3_240324_Grof1,RR_G_Grof,2024-03-13,2024-03-24,1.57,0.03,male,puppy,puppy,Breast milk,Breast milk,Not Applicable,Not Applicable,Rezerta-Réti ,"Puppy of Anna, Litter G, Rezerta-Réti kennel"
PRJEB82125,ERS22560415,Dog_gut_microbiome_DMD_0_AF1_211017_Sugo_N9,DMD_0_Sugo,2014-02-19,2021-10-17,399.57,7.66,female,adult,mot_norm,Josera Geflugel Menu,MPHC-adult,non gravid,Normal,Duna-menti  Dumás ,"Mother of Litter B, Duna-menti Dumas kennel"
PRJEB82125,ERS22560416,Dog_gut_microbiome_DMD_0_AF1_211103_Sugo_N4,DMD_0_Sugo,2014-02-19,2021-11-03,402.00,7.71,female,adult,pregnancy,Josera Geflugel Menu,MPHC-adult,gravid (13 post-conception day),Pregnancy (first trimester),Duna-menti  Dumás ,"Mother of Litter B, Duna-menti  Dumás kennel"
PRJEB82125,ERS22560417,Dog_gut_microbiome_DMD_0_AF1_211106_Sugo_N5,DMD_0_Sugo,2014-02-19,2021-11-06,402.43,7.71,female,adult,pregnancy,Josera Geflugel Menu,MPHC-adult,gravid (16 post-conception day),Pregnancy (first trimester),Duna-menti  Dumás ,"Mother of Litter B, Duna-menti  Dumás kennel"
PRJEB82125,ERS22560418,Dog_gut_microbiome_DMD_0_AF1_211111_Sugo_N6,DMD_0_Sugo,2014-02-19,2021-11-11,403.14,7.73,female,adult,pregnancy,Josera Geflugel Menu,MPHC-adult,gravid (21 post-conception day),Pregnancy (first trimester),Duna-menti  Dumás ,"Mother of Litter B, Duna-menti  Dumás kennel"
PRJEB82125,ERS22560419,Dog_gut_microbiome_DMD_0_AF1_220328_Sugo6,DMD_0_Sugo,2014-02-19,2022-03-28,422.71,8.11,female,adult,mot_norm,Josera Geflugel Menu,MPHC-adult,non gravid,Normal,Duna-menti  Dumás ,"Mother of Litter B and Litter C, Duna-menti  Dumás kennel"
PRJEB82125,ERS22560420,Dog_gut_microbiome_DMD_0_AF1_230102_Sugo10,DMD_0_Sugo,2014-02-19,2023-01-02,462.71,8.87,female,adult,mot_norm,Josera Geflugel Menu,MPHC-adult,non gravid,Normal,Duna-menti  Dumás ,"Mother of Litter B and Litter C, Duna-menti  Dumás kennel"
PRJEB82125,ERS22560421,Dog_gut_microbiome_DMD_0_AF1_230115_Sugo11,DMD_0_Sugo,2014-02-19,2023-01-15,464.57,8.91,female,adult,mot_norm,Josera Geflugel Menu,MPHC-adult,non gravid,Normal,Duna-menti  Dumás ,"Mother of Litter B and Litter C, Duna-menti  Dumás kennel"
PRJEB82125,ERS22560422,Dog_gut_microbiome_DMD_0_AF1_230128_Sugo7,DMD_0_Sugo,2014-02-19,2023-01-28,466.43,8.94,female,adult,mot_norm,Josera Geflugel Menu,MPHC-adult,non gravid,Normal,Duna-menti  Dumás ,"Mother of Litter B and Litter C, Duna-menti  Dumás kennel"
PRJEB82125,ERS22560423,Dog_gut_microbiome_DMD_0_AF1_230210_Sugo8,DMD_0_Sugo,2014-02-19,2023-02-10,468.29,8.98,female,adult,mot_norm,Josera Geflugel Menu,MPHC-adult,non gravid,Normal,Duna-menti  Dumás ,"Mother of Litter B and Litter C, Duna-menti  Dumás kennel"
PRJEB82125,ERS22560424,Dog_gut_microbiome_DMD_0_AF1_230225_Sugo9,DMD_0_Sugo,2014-02-19,2023-02-25,470.43,9.02,female,adult,mot_norm,Josera Geflugel Menu,MPHC-adult,non gravid,Normal,Duna-menti  Dumás ,"Mother of Litter B and Litter C, Duna-menti  Dumás kennel"
PRJEB82125,ERS22560425,Dog_gut_microbiome_DMD_0_AF1_230312_Sugo4,DMD_0_Sugo,2014-02-19,2023-03-12,472.57,9.06,female,adult,mot_norm,Josera Geflugel Menu,MPHC-adult,non gravid,Normal,Duna-menti  Dumás ,"Mother of Litter B and Litter C, Duna-menti  Dumás kennel"
PRJEB82125,ERS22560426,Dog_gut_microbiome_DMD_0_AF1_230321_Sugo1,DMD_0_Sugo,2014-02-19,2023-03-21,473.86,9.09,female,adult,mot_norm,Josera Geflugel Menu,MPHC-adult,non gravid,Normal,Duna-menti  Dumás ,"Mother of Litter B and Litter C, Duna-menti  Dumás kennel"
PRJEB82125,ERS22560427,Dog_gut_microbiome_DMD_0_AF1_230407_Sugo2,DMD_0_Sugo,2014-02-19,2023-04-07,476.29,9.13,female,adult,mot_norm,Josera Geflugel Menu,MPHC-adult,non gravid,Normal,Duna-menti  Dumás ,"Mother of Litter B and Litter C, Duna-menti  Dumás kennel"
PRJEB82125,ERS22560428,Dog_gut_microbiome_DMD_0_AF1_230407_Sugo5,DMD_0_Sugo,2014-02-19,2023-04-07,476.29,9.13,female,adult,mot_norm,Josera Geflugel Menu,MPHC-adult,non gravid,Normal,Duna-menti  Dumás ,"Mother of Litter B and Litter C, Duna-menti  Dumás kennel"
PRJEB82125,ERS22560429,Dog_gut_microbiome_DMD_0_AF1_230420_Sugo3,DMD_0_Sugo,2014-02-19,2023-04-20,478.14,9.17,female,adult,mot_norm,Josera Geflugel Menu,MPHC-adult,non gravid,Normal,Duna-menti  Dumás ,"Mother of Litter B and Litter C, Duna-menti  Dumás kennel"
PRJEB82125,ERS22560430,Dog_gut_microbiome_DMD_0_AF1_230521_Sugo_N7,DMD_0_Sugo,2014-02-19,2023-05-21,482.57,9.26,female,adult,mot_norm,Josera Geflugel Menu,MPHC-adult,non gravid,Normal,Duna-menti  Dumás ,"Mother of Litter B and Litter C, Duna-menti  Dumás kennel"
PRJEB82125,ERS22560431,Dog_gut_microbiome_DMD_0_AF1_230531_Sugo_N2,DMD_0_Sugo,2014-02-19,2023-05-31,484.00,9.28,female,adult,mot_norm,Josera Geflugel Menu,MPHC-adult,non gravid,Normal,Duna-menti  Dumás ,"Mother of Litter B and Litter C, Duna-menti  Dumás kennel"
PRJEB82125,ERS22560432,Dog_gut_microbiome_DMD_0_AF1_230616_Sugo_N3,DMD_0_Sugo,2014-02-19,2023-06-16,486.29,9.33,female,adult,mot_norm,Josera Geflugel Menu,MPHC-adult,non gravid,Normal,Duna-menti  Dumás ,"Mother of Litter B and Litter C, Duna-menti  Dumás kennel"
PRJEB82125,ERS22560433,Dog_gut_microbiome_DMD_0_AF1_240615_Sugo_N1,DMD_0_Sugo,2014-02-19,2024-06-15,538.43,10.32,female,adult,mot_norm,Gemon Dog Adult Tuna & Rice,MPHC-adult,non gravid,Normal,Duna-menti  Dumás ,"Mother of Litter B and Litter C, Duna-menti  Dumás kennel"
PRJEB82125,ERS22560434,Dog_gut_microbiome_DMD_0_AF1_240709_Sugo_N8,DMD_0_Sugo,2014-02-19,2024-07-09,541.86,10.39,female,adult,mot_norm,Gemon Dog Adult Tuna & Rice,MPHC-adult,non gravid,Normal,Duna-menti  Dumás ,"Mother of Litter B and Litter C, Duna-menti  Dumás kennel"
PRJEB82125,ERS22560435,Dog_gut_microbiome_DMD_0_AF1_240722_Sugo_N10,DMD_0_Sugo,2014-02-19,2024-07-22,543.71,10.43,female,adult,mot_norm,Gemon Dog Adult Tuna & Rice,MPHC-adult,non gravid,Normal,Duna-menti  Dumás ,"Mother of Litter B and Litter C, Duna-menti  Dumás kennel"
PRJEB82125,ERS22560436,Dog_gut_microbiome_DMD_0_AM1_210513_Loki4,DMD_0_Loki,2014-08-20,2021-05-13,351.14,6.73,male,adult,adult_control,Brit Care Hypoallergen Dog Show Champion,MPHC-adult,Not Applicable,Not Applicable,Duna-menti  Dumás ,"Control adult dog, same living environment, Duna-menti  Dumás kennel"
PRJEB82125,ERS22560437,Dog_gut_microbiome_DMD_0_AM1_211101_Loki_N4,DMD_0_Loki,2014-08-20,2021-11-01,375.71,7.20,male,adult,adult_control,Josera Geflugel Menu,MPHC-adult,Not Applicable,Not Applicable,Duna-menti  Dumás ,"Control adult dog, same living environment, Duna-menti  Dumás kennel"
PRJEB82125,ERS22560438,Dog_gut_microbiome_DMD_0_AM1_211110_Loki_N5,DMD_0_Loki,2014-08-20,2021-11-10,377.00,7.22,male,adult,adult_control,Josera Geflugel Menu,MPHC-adult,Not Applicable,Not Applicable,Duna-menti  Dumás ,"Control adult dog, same living environment, Duna-menti  Dumás kennel"
PRJEB82125,ERS22560439,Dog_gut_microbiome_DMD_0_AM1_211128_Loki_N7,DMD_0_Loki,2014-08-20,2021-11-28,379.57,7.27,male,adult,adult_control,Josera Geflugel Menu,MPHC-adult,Not Applicable,Not Applicable,Duna-menti  Dumás ,"Control adult dog, same living environment, Duna-menti  Dumás kennel"
PRJEB82125,ERS22560441,Dog_gut_microbiome_DMD_0_AM1_230102_Loki7,DMD_0_Loki,2014-08-20,2023-01-02,436.71,8.37,male,adult,adult_control,BARF,BARF,Not Applicable,Not Applicable,Duna-menti  Dumás ,"Control adult dog, same living environment, Duna-menti  Dumás kennel"
PRJEB82125,ERS22560442,Dog_gut_microbiome_DMD_0_AM1_230114_Loki8,DMD_0_Loki,2014-08-20,2023-01-14,438.43,8.40,male,adult,adult_control,BARF,BARF,Not Applicable,Not Applicable,Duna-menti  Dumás ,"Control adult dog, same living environment, Duna-menti  Dumás kennel"
PRJEB82125,ERS22560443,Dog_gut_microbiome_DMD_0_AM1_230128_Loki9,DMD_0_Loki,2014-08-20,2023-01-28,440.43,8.44,male,adult,adult_control,BARF,BARF,Not Applicable,Not Applicable,Duna-menti  Dumás ,"Control adult dog, same living environment, Duna-menti  Dumás kennel"
PRJEB82125,ERS22560444,Dog_gut_microbiome_DMD_0_AM1_230211_Loki6,DMD_0_Loki,2014-08-20,2023-02-11,442.43,8.48,male,adult,adult_control,BARF,BARF,Not Applicable,Not Applicable,Duna-menti  Dumás ,"Control adult dog, same living environment, Duna-menti  Dumás kennel"
PRJEB82125,ERS22560445,Dog_gut_microbiome_DMD_0_AM1_230310_Loki3,DMD_0_Loki,2014-08-20,2023-03-10,446.29,8.56,male,adult,adult_control,Josera Geflugel Menu,MPHC-adult,Not Applicable,Not Applicable,Duna-menti  Dumás ,"Control adult dog, same living environment, Duna-menti  Dumás kennel"
PRJEB82125,ERS22560446,Dog_gut_microbiome_DMD_0_AM1_230407_Loki1,DMD_0_Loki,2014-08-20,2023-04-07,450.29,8.63,male,adult,adult_control,Josera Geflugel Menu,MPHC-adult,Not Applicable,Not Applicable,Duna-menti  Dumás ,"Control adult dog, same living environment, Duna-menti  Dumás kennel"
PRJEB82125,ERS22560447,Dog_gut_microbiome_DMD_0_AM1_230420_Loki2,DMD_0_Loki,2014-08-20,2023-04-20,452.14,8.67,male,adult,adult_control,Josera Geflugel Menu,MPHC-adult,Not Applicable,Not Applicable,Duna-menti  Dumás ,"Control adult dog, same living environment, Duna-menti  Dumás kennel"
PRJEB82125,ERS22560448,Dog_gut_microbiome_DMD_0_AM1_230521_Loki_N6,DMD_0_Loki,2014-08-20,2023-05-21,456.57,8.75,male,adult,adult_control,Josera Geflugel Menu,MPHC-adult,Not Applicable,Not Applicable,Duna-menti  Dumás ,"Control adult dog, same living environment, Duna-menti  Dumás kennel"
PRJEB82125,ERS22560449,Dog_gut_microbiome_DMD_0_AM1_230531_Loki_N2,DMD_0_Loki,2014-08-20,2023-05-31,458.00,8.78,male,adult,adult_control,Josera Geflugel Menu,MPHC-adult,Not Applicable,Not Applicable,Duna-menti  Dumás ,"Control adult dog, same living environment, Duna-menti  Dumás kennel"
PRJEB82125,ERS22560450,Dog_gut_microbiome_DMD_0_AM1_230616_Loki_N3,DMD_0_Loki,2014-08-20,2023-06-16,460.29,8.82,male,adult,adult_control,Josera Geflugel Menu,MPHC-adult,Not Applicable,Not Applicable,Duna-menti  Dumás ,"Control adult dog, same living environment, Duna-menti  Dumás kennel"
PRJEB82125,ERS22560451,Dog_gut_microbiome_DMD_0_AM1_240616_Loki_N1,DMD_0_Loki,2014-08-20,2024-06-16,512.57,9.82,male,adult,adult_control,Gemon Dog Adult Tuna & Rice,MPHC-adult,Not Applicable,Not Applicable,Duna-menti  Dumás ,"Control adult dog, same living environment, Duna-menti  Dumás kennel"
PRJEB82125,ERS22560452,Dog_gut_microbiome_DMD_0_AM1_240709_Loki_N8,DMD_0_Loki,2014-08-20,2024-07-09,515.86,9.89,male,adult,adult_control,Gemon Dog Adult Tuna & Rice,MPHC-adult,Not Applicable,Not Applicable,Duna-menti  Dumás ,"Control adult dog, same living environment, Duna-menti  Dumás kennel"
PRJEB82125,ERS22560453,Dog_gut_microbiome_DMD_0_AM1_240722_Loki_N9,DMD_0_Loki,2014-08-20,2024-07-22,517.71,9.92,male,adult,adult_control,Gemon Dog Adult Tuna & Rice,MPHC-adult,Not Applicable,Not Applicable,Duna-menti  Dumás ,"Control adult dog, same living environment, Duna-menti  Dumás kennel"
PRJEB82125,ERS22560454,Dog_gut_microbiome_DMD_B_PF1_210509_Boszi5,DMD_B_Boszi,2020-11-06,2021-05-09,26.29,0.51,female,puppy,puppy,Brit Care Grain Free Puppy Salmon & Potato and Euphausia Superba / Rosa Canina / Spirulina Platensis,HPMC-puppy,Not Applicable,Not Applicable,Duna-menti  Dumás ,"Puppy of Sugo, Litter B, Duna-menti  Dumás kennel"
PRJEB82125,ERS22560455,Dog_gut_microbiome_DMD_B_PF1_211017_Boszi_N6,DMD_B_Boszi,2020-11-06,2021-10-17,49.29,0.95,female,puppy,puppy,Josera Geflugel Menu,MPHC-puppy,Not Applicable,Not Applicable,Duna-menti  Dumás ,"Puppy of Sugo, Litter B, Duna-menti  Dumás kennel"
PRJEB82125,ERS22560456,Dog_gut_microbiome_DMD_B_PF1_211101_Boszi_N8,DMD_B_Boszi,2020-11-06,2021-11-01,51.43,0.99,female,puppy,puppy,Josera Geflugel Menu,MPHC-puppy,Not Applicable,Not Applicable,Duna-menti  Dumás ,"Puppy of Sugo, Litter B, Duna-menti  Dumás kennel"
PRJEB82125,ERS22560457,Dog_gut_microbiome_DMD_B_PF1_211106_Boszi_N9,DMD_B_Boszi,2020-11-06,2021-11-06,52.14,1.00,female,adult,puppies'_adulthood,Josera Geflugel Menu,MPHC-adult,Not Applicable,Not Applicable,Duna-menti  Dumás ,"Puppy of Sugo, Litter B, Duna-menti  Dumás kennel"
PRJEB82125,ERS22560458,Dog_gut_microbiome_DMD_B_PF1_220328_Boszi7,DMD_B_Boszi,2020-11-06,2022-03-28,72.43,1.39,female,adult,puppies'_adulthood,BARF,BARF,Not Applicable,Not Applicable,Duna-menti  Dumás ,"Puppy of Sugo, Litter B, Duna-menti  Dumás kennel"
PRJEB82125,ERS22560459,Dog_gut_microbiome_DMD_B_PF1_230102_Boszi6,DMD_B_Boszi,2020-11-06,2023-01-02,112.43,2.16,female,adult,pregnancy,BARF,BARF,gravid (40 post-conception day),Pregnancy (second trimester),Duna-menti  Dumás ,"Puppy of Sugo, Litter B, Duna-menti  Dumás kennel"
PRJEB82125,ERS22560460,Dog_gut_microbiome_DMD_B_PF1_230114_Boszi9,DMD_B_Boszi,2020-11-06,2023-01-14,114.14,2.19,female,adult,pregnancy,BARF,BARF,gravid (52 post-conception day),Pregnancy (third trimester),Duna-menti  Dumás ,"Puppy of Sugo, Litter B, Duna-menti  Dumás kennel"
PRJEB82125,ERS22560461,Dog_gut_microbiome_DMD_B_PF1_230126_Boszi10,DMD_B_Boszi,2020-11-06,2023-01-26,115.86,2.22,female,adult,lactation,BARF,BARF,non gravid (1 post-parturition day),Postpartum day,Duna-menti  Dumás ,"Mother of Litter D , Duna-menti  Dumás kennel"
PRJEB82125,ERS22560462,Dog_gut_microbiome_DMD_B_PF1_230128_Boszi8,DMD_B_Boszi,2020-11-06,2023-01-28,116.14,2.23,female,adult,lactation,BARF,BARF,non gravid (3 post-parturition day),Lactation (early),Duna-menti  Dumás ,"Mother of Litter D , Duna-menti  Dumás kennel"
PRJEB82125,ERS22560463,Dog_gut_microbiome_DMD_B_PF1_230210_Boszi11,DMD_B_Boszi,2020-11-06,2023-02-10,118.00,2.26,female,adult,lactation,BARF,BARF,non gravid (15 post-parturition day),Lactation (mid),Duna-menti  Dumás ,"Mother of Litter D , Duna-menti  Dumás kennel"
PRJEB82125,ERS22560464,Dog_gut_microbiome_DMD_B_PF1_230321_Boszi1,DMD_B_Boszi,2020-11-06,2023-03-21,123.57,2.38,female,adult,lactation,BARF,BARF,non gravid (56 post-parturition day),Lactation (late),Duna-menti  Dumás ,"Mother of Litter D , Duna-menti  Dumás kennel"
PRJEB82125,ERS22560465,Dog_gut_microbiome_DMD_B_PF1_230407_Boszi4,DMD_B_Boszi,2020-11-06,2023-04-07,126.00,2.42,female,adult,mot_norm,BARF,BARF,non gravid,Normal,Duna-menti  Dumás ,"Mother of Litter D , Duna-menti  Dumás kennel"
PRJEB82125,ERS22560466,Dog_gut_microbiome_DMD_B_PF1_230418_Boszi2,DMD_B_Boszi,2020-11-06,2023-04-18,127.57,2.45,female,adult,mot_norm,BARF,BARF,non gravid,Normal,Duna-menti  Dumás ,"Mother of Litter D , Duna-menti  Dumás kennel"
PRJEB82125,ERS22560467,Dog_gut_microbiome_DMD_B_PF1_230420_Boszi3,DMD_B_Boszi,2020-11-06,2023-04-20,127.86,2.46,female,adult,mot_norm,BARF,BARF,non gravid,Normal,Duna-menti  Dumás ,"Mother of Litter D , Duna-menti  Dumás kennel"
PRJEB82125,ERS22560468,Dog_gut_microbiome_DMD_B_PF1_230521_Boszi_N3,DMD_B_Boszi,2020-11-06,2023-05-21,132.29,2.54,female,adult,mot_norm,BARF,BARF,non gravid,Normal,Duna-menti  Dumás ,"Mother of Litter D , Duna-menti  Dumás kennel"
PRJEB82125,ERS22560469,Dog_gut_microbiome_DMD_B_PF1_230531_Boszi_N4,DMD_B_Boszi,2020-11-06,2023-05-31,133.71,2.57,female,adult,mot_norm,BARF,BARF,non gravid,Normal,Duna-menti  Dumás ,"Mother of Litter D , Duna-menti  Dumás kennel"
PRJEB82125,ERS22560470,Dog_gut_microbiome_DMD_B_PF1_230616_Boszi_N5,DMD_B_Boszi,2020-11-06,2023-06-16,136.00,2.61,female,adult,mot_norm,BARF,BARF,non gravid,Normal,Duna-menti  Dumás ,"Mother of Litter D , Duna-menti  Dumás kennel"
PRJEB82125,ERS22560471,Dog_gut_microbiome_DMD_B_PF1_240530_Boszi_N1,DMD_B_Boszi,2020-11-06,2024-05-30,185.86,3.57,female,adult,lactation,Gemon Dog Adult Tuna & Rice,MPHC-adult,non gravid (1 post-parturition day),Lactation (early),Duna-menti  Dumás ,"Mother of Litter D and Litter E, Duna-menti  Dumás kennel"
PRJEB82125,ERS22560472,Dog_gut_microbiome_DMD_B_PF1_240614_Boszi_N2,DMD_B_Boszi,2020-11-06,2024-06-14,188.00,3.61,female,adult,lactation,Gemon Dog Adult Tuna & Rice,MPHC-adult,non gravid (15 post-parturition day),Lactation (mid),Duna-menti  Dumás ,"Mother of Litter D and Litter E, Duna-menti  Dumás kennel"
PRJEB82125,ERS22560473,Dog_gut_microbiome_DMD_B_PF1_240710_Boszi_N7,DMD_B_Boszi,2020-11-06,2024-07-10,191.71,3.68,female,adult,lactation,Gemon Dog Adult Tuna & Rice,MPHC-adult,non gravid (41 post-parturition day),Lactation (late),Duna-menti  Dumás ,"Mother of Litter D and Litter E, Duna-menti  Dumás kennel"
PRJEB82125,ERS22560474,Dog_gut_microbiome_DMD_B_PF1_240722_Boszi_N10,DMD_B_Boszi,2020-11-06,2024-07-22,193.43,3.71,female,adult,lactation,Gemon Dog Adult Tuna & Rice,MPHC-adult,non gravid (53 post-parturition day),Lactation (late),Duna-menti  Dumás ,"Mother of Litter D and Litter E, Duna-menti  Dumás kennel"
PRJEB82125,ERS22560475,Dog_gut_microbiome_DMD_B_PF2_210504_Borcsa1,DMD_B_Borcsa,2020-11-06,2021-05-04,25.57,0.49,female,puppy,puppy,Brit Care Dog Hypoallergenic Puppy Lamb & Rice and a few bite row meat / Euphausia Superba / Rosa Canina / Spirulina Platensis,HPMC-puppy,Not Applicable,Not Applicable,Duna-menti  Dumás ,"Puppy of Sugo, Litter B, Duna-menti  Dumás kennel"
PRJEB82125,ERS22560476,Dog_gut_microbiome_DMD_B_PM1_210504_Bloff1,DMD_B_Bloff,2020-11-06,2021-05-04,25.57,0.49,male,puppy,puppy,Brit Care Dog Hypoallergenic Puppy Lamb & Rice and a few bite row meat / Euphausia Superba / Rosa Canina / Spirulina Platensis,HPMC-puppy,Not Applicable,Not Applicable,Duna-menti  Dumás ,"Puppy of Sugo, Litter B, Duna-menti  Dumás kennel"
PRJEB82125,ERS22560477,Dog_gut_microbiome_DMD_B_PM1_210509_Bloff2,DMD_B_Bloff,2020-11-06,2021-05-09,26.29,0.51,male,puppy,puppy,Brit Care Dog Hypoallergenic Puppy Lamb & Rice and a few bite row meat / Euphausia Superba / Rosa Canina / Spirulina Platensis,HPMC-puppy,Not Applicable,Not Applicable,Duna-menti  Dumás ,"Puppy of Sugo, Litter B, Duna-menti  Dumás kennel"
PRJEB82125,ERS22560478,Dog_gut_microbiome_DMD_B_PM2_210405_Brios1,DMD_B_Brios,2020-11-06,2021-04-05,21.43,0.41,male,puppy,puppy,Brit Care Dog Hypoallergenic Puppy Lamb & Rice and a few bite row meat / Euphausia Superba / Rosa Canina / Spirulina Platensis,HPMC-puppy,Not Applicable,Not Applicable,Duna-menti  Dumás ,"Puppy of Sugo, Litter B, Duna-menti  Dumás kennel"
PRJEB82125,ERS22560479,Dog_gut_microbiome_DMD_B_PM2_210505_Brios2,DMD_B_Brios,2020-11-06,2021-05-05,25.71,0.50,male,puppy,puppy,Brit Care Dog Hypoallergenic Puppy Lamb & Rice and a few bite row meat / Euphausia Superba / Rosa Canina / Spirulina Platensis,HPMC-puppy,Not Applicable,Not Applicable,Duna-menti  Dumás ,"Puppy of Sugo, Litter B, Duna-menti  Dumás kennel"
PRJEB82125,ERS22560480,Dog_gut_microbiome_DMD_C_PF1_230303_Csepke1,DMD_C_Csepke,2021-12-23,2023-03-03,62.14,1.19,female,adult,puppies'_adulthood,Josera Geflugel Menu,MPHC-adult,Not Applicable,Not Applicable,Duna-menti  Dumás ,"Puppy of Sugo, Litter C, Duna-menti  Dumás kennel"
PRJEB82125,ERS22560481,Dog_gut_microbiome_DMD_C_PF1_230304_Csepke2,DMD_C_Csepke,2021-12-23,2023-03-04,62.29,1.20,female,adult,puppies'_adulthood,Josera Geflugel Menu,MPHC-adult,Not Applicable,Not Applicable,Duna-menti  Dumás ,"Puppy of Sugo, Litter C, Duna-menti  Dumás kennel"
PRJEB82125,ERS22560482,Dog_gut_microbiome_DMD_C_PF1_230704_Csepke4,DMD_C_Csepke,2021-12-23,2023-07-04,79.71,1.53,female,adult,puppies'_adulthood,Josera Geflugel Menu,MPHC-adult,Not Applicable,Not Applicable,Duna-menti  Dumás ,"Puppy of Sugo, Litter C, Duna-menti  Dumás kennel"
PRJEB82125,ERS22560483,Dog_gut_microbiome_DMD_C_PF2_220624_Csibe1,DMD_C_Csibe,2021-12-23,2022-06-24,26.14,0.50,female,puppy,puppy,Josera Kids,MPHC-puppy,Not Applicable,Not Applicable,Duna-menti  Dumás ,"Puppy of Sugo, Litter C, Duna-menti  Dumás kennel"
PRJEB82125,ERS22560484,Dog_gut_microbiome_DMD_C_PF2_221218_Csibe2,DMD_C_Csibe,2021-12-23,2022-12-18,51.43,0.99,female,puppy,puppy,Josera Kids,MPHC-puppy,Not Applicable,Not Applicable,Duna-menti  Dumás ,"Puppy of Sugo, Litter C, Duna-menti  Dumás kennel"
PRJEB82125,ERS22560485,Dog_gut_microbiome_DMD_C_PF2_230514_Csibe_N1,DMD_C_Csibe,2021-12-23,2023-05-14,72.43,1.39,female,adult,puppies'_adulthood,Josera Geflugel Menu,MPHC-adult,Not Applicable,Not Applicable,Duna-menti  Dumás ,"Puppy of Sugo, Litter C, Duna-menti  Dumás kennel"
PRJEB82125,ERS22560486,Dog_gut_microbiome_DMD_C_PM1_220303_Cefre1,DMD_C_Cefre,2021-12-23,2022-03-03,10.00,0.19,male,puppy,puppy,Josera Kids,MPHC-puppy,Not Applicable,Not Applicable,Duna-menti  Dumás ,"Puppy of Sugo, Litter C, Duna-menti  Dumás kennel"
PRJEB82125,ERS22560488,Dog_gut_microbiome_DMD_C_PM1_221222_Cefre3,DMD_C_Cefre,2021-12-23,2022-12-22,52.00,1.00,male,adult,puppies'_adulthood,BARF,BARF,Not Applicable,Not Applicable,Duna-menti  Dumás ,"Puppy of Sugo, Litter C, Duna-menti  Dumás kennel"
PRJEB82125,ERS22560490,Dog_gut_microbiome_DMD_C_PM1_230701_Cefre4,DMD_C_Cefre,2021-12-23,2023-07-01,79.29,1.52,male,adult,puppies'_adulthood,BARF,BARF,Not Applicable,Not Applicable,Duna-menti  Dumás ,"Puppy of Sugo, Litter C, Duna-menti  Dumás kennel"
PRJEB82125,ERS22560491,Dog_gut_microbiome_DMD_C_PM2_220303_Csuzli1,DMD_C_Csuzli,2021-12-23,2022-03-03,10.00,0.19,male,puppy,puppy,Josera Kids,MPHC-puppy,Not Applicable,Not Applicable,Duna-menti  Dumás ,"Puppy of Sugo, Litter C, Duna-menti  Dumás kennel"
PRJEB82125,ERS22560492,Dog_gut_microbiome_DMD_C_PM2_220630_Csuzli4,DMD_C_Csuzli,2021-12-23,2022-06-30,27.00,0.52,male,puppy,puppy,Josera Kids,MPHC-puppy,Not Applicable,Not Applicable,Duna-menti  Dumás ,"Puppy of Sugo, Litter C, Duna-menti  Dumás kennel"
PRJEB82125,ERS22560493,Dog_gut_microbiome_DMD_C_PM2_221225_Csuzli2,DMD_C_Csuzli,2021-12-23,2022-12-25,52.43,1.01,male,adult,puppies'_adulthood,BARF,BARF,Not Applicable,Not Applicable,Duna-menti  Dumás ,"Puppy of Sugo, Litter C, Duna-menti  Dumás kennel"
PRJEB82125,ERS22560494,Dog_gut_microbiome_DMD_C_PM2_230526_Csuzli3,DMD_C_Csuzli,2021-12-23,2023-05-26,74.14,1.43,male,adult,puppies'_adulthood,Josera Geflugel Menu,MPHC-adult,Not Applicable,Not Applicable,Duna-menti  Dumás ,"Puppy of Sugo, Litter C, Duna-menti  Dumás kennel"
PRJEB82125,ERS22560495,Dog_gut_microbiome_DMD_C_PM3_220316_Coca1,DMD_C_Coca,2021-12-23,2022-03-16,11.86,0.23,male,puppy,puppy,Josera Family Plus,HPLC-puppy,Not Applicable,Not Applicable,Duna-menti  Dumás ,"Puppy of Sugo, Litter C, Duna-menti  Dumás kennel"
PRJEB82125,ERS22560496,Dog_gut_microbiome_DMD_C_PM3_221222_Coca2,DMD_C_Coca,2021-12-23,2022-12-22,52.00,1.00,male,adult,puppies'_adulthood,BARF,BARF,Not Applicable,Not Applicable,Duna-menti  Dumás ,"Puppy of Sugo, Litter C, Duna-menti  Dumás kennel"
PRJEB82125,ERS22560497,Dog_gut_microbiome_DMD_D_PF1_230414_Diva1,DMD_D_Diva,2023-01-25,2023-04-14,11.29,0.22,female,puppy,puppy,Josera Young Star,MPHC-puppy,Not Applicable,Not Applicable,Duna-menti  Dumás ,"Puppy of Boszi, Litter D, Duna-menti  Dumás kennel"
PRJEB82125,ERS22560498,Dog_gut_microbiome_DMD_D_PF2_230416_Piros_1,DMD_D_Piros,2023-01-25,2023-04-16,11.57,0.23,female,puppy,puppy,Josera Young Star,MPHC-puppy,Not Applicable,Not Applicable,Duna-menti  Dumás ,"Puppy of Boszi, Litter D, Duna-menti  Dumás kennel"
PRJEB82125,ERS22560499,Dog_gut_microbiome_DMD_D_PF2_230521_Piros_N3,DMD_D_Piros,2023-01-25,2023-05-21,16.57,0.32,female,puppy,puppy,Josera Young Star,MPHC-puppy,Not Applicable,Not Applicable,Duna-menti  Dumás ,"Puppy of Boszi, Litter D, Duna-menti  Dumás kennel"
PRJEB82125,ERS22560500,Dog_gut_microbiome_DMD_D_PF2_230531_Piros_N4,DMD_D_Piros,2023-01-25,2023-05-31,18.00,0.35,female,puppy,puppy,Josera Young Star,MPHC-puppy,Not Applicable,Not Applicable,Duna-menti  Dumás ,"Puppy of Boszi, Litter D, Duna-menti  Dumás kennel"
PRJEB82125,ERS22560501,Dog_gut_microbiome_DMD_D_PF2_230616_Piros_N5,DMD_D_Piros,2023-01-25,2023-06-16,20.29,0.39,female,puppy,puppy,Josera Young Star,MPHC-puppy,Not Applicable,Not Applicable,Duna-menti  Dumás ,"Puppy of Boszi, Litter D, Duna-menti  Dumás kennel"
PRJEB82125,ERS22560502,Dog_gut_microbiome_DMD_D_PF2_240722_Piros_N6,DMD_D_Piros,2023-01-25,2024-07-22,77.71,1.49,female,adult,puppies'_adulthood,Josera Geflugel Menu,MPHC-adult,Not Applicable,Not Applicable,Duna-menti  Dumás ,"Puppy of Boszi, Litter D, Duna-menti  Dumás kennel"
PRJEB82125,ERS22560503,Dog_gut_microbiome_DMD_D_PF2_240615_Piros_N1,DMD_D_Piros,2023-01-25,2024-06-15,72.43,1.39,female,adult,puppies'_adulthood,Josera Geflugel Menu,MPHC-adult,Not Applicable,Not Applicable,Duna-menti  Dumás ,"Puppy of Boszi, Litter D, Duna-menti  Dumás kennel"
PRJEB82125,ERS22560504,Dog_gut_microbiome_DMD_D_PF2_240709_Piros_N2,DMD_D_Piros,2023-01-25,2024-07-09,75.86,1.46,female,adult,puppies'_adulthood,Josera Geflugel Menu,MPHC-adult,Not Applicable,Not Applicable,Duna-menti  Dumás ,"Puppy of Boszi, Litter D, Duna-menti  Dumás kennel"
PRJEB82125,ERS22560505,Dog_gut_microbiome_DMD_D_PM1_230413_Dilis1,DMD_D_Dilis,2023-01-25,2023-04-13,11.14,0.22,female,puppy,puppy,Josera Young Star,MPHC-puppy,Not Applicable,Not Applicable,Duna-menti  Dumás ,"Puppy of Boszi, Litter D, Duna-menti  Dumás kennel"
PRJEB82125,ERS22560506,Dog_gut_microbiome_DMD_D_PM2_230413_Doki1,DMD_D_Doki,2023-01-25,2023-04-13,11.14,0.22,female,puppy,puppy,Josera Young Star,MPHC-puppy,Not Applicable,Not Applicable,Duna-menti  Dumás ,"Puppy of Boszi, Litter D, Duna-menti  Dumás kennel"
PRJEB82125,ERS22560507,Dog_gut_microbiome_DMD_D_PM3_230417_Dutyi1,DMD_D_Dutyi,2023-01-25,2023-04-17,11.71,0.23,female,puppy,puppy,Josera Young Star,MPHC-puppy,Not Applicable,Not Applicable,Duna-menti  Dumás ,"Puppy of Boszi, Litter D, Duna-menti  Dumás kennel"
PRJEB82125,ERS22560508,Dog_gut_microbiome_DMD_D_PM4_230416_Detto1,DMD_D_Detto,2023-01-25,2023-04-16,11.57,0.23,female,puppy,puppy,Josera Young Star,MPHC-puppy,Not Applicable,Not Applicable,Duna-menti  Dumás ,"Puppy of Boszi, Litter D, Duna-menti  Dumás kennel"
PRJEB82125,ERS22560509,Dog_gut_microbiome_DMD_E_PM1_240618_Neon_N1,DMD_E_Neon,2024-05-29,2024-06-18,2.86,0.05,male,puppy,puppy,Breast milk,Breast milk,Not Applicable,Not Applicable,Duna-menti  Dumás ,"Puppy of Boszi, Litter E, Duna-menti  Dumás kennel"
PRJEB82125,ERS22560510,Dog_gut_microbiome_DMD_E_PM1_240622_Neon_N2,DMD_E_Neon,2024-05-29,2024-06-22,3.43,0.06,male,puppy,puppy,Breast milk + Josera Family Plus,Breast milk _ HPLC-puppy,Not Applicable,Not Applicable,Duna-menti  Dumás ,"Puppy of Boszi, Litter E, Duna-menti  Dumás kennel"
PRJEB82125,ERS22560511,Dog_gut_microbiome_DMD_E_PM1_240710_Neon_N3,DMD_E_Neon,2024-05-29,2024-07-10,6.00,0.11,male,puppy,puppy,Breast milk + Josera Family Plus,Breast milk _ HPLC-puppy,Not Applicable,Not Applicable,Duna-menti  Dumás ,"Puppy of Boszi, Litter E, Duna-menti  Dumás kennel"
PRJEB82125,ERS22681303,Dog_gut_microbiome_DMD_E_PM1_240722_Neon_N4,DMD_E_Neon,2024-05-29,2024-07-22,7.71,0.15,male,puppy,puppy,Breast milk + Josera Family Plus,Breast milk _ HPLC-puppy,Not Applicable,Not Applicable,Duna-menti  Dumás ,"Puppy of Boszi, Litter E, Duna-menti  Dumás kennel"
PRJEB82125,ERS22560512,Dog_gut_microbiome_DMD_E_PM2_240616_Turkiz_N4,DMD_E_Turkiz,2024-05-29,2024-06-16,2.57,0.05,male,puppy,puppy,Breast milk,Breast milk,Not Applicable,Not Applicable,Duna-menti  Dumás ,"Puppy of Boszi, Litter E, Duna-menti  Dumás kennel"
PRJEB82125,ERS22560513,Dog_gut_microbiome_DMD_E_PM2_240624_Turkiz_N1,DMD_E_Turkiz,2024-05-29,2024-06-24,3.71,0.07,male,puppy,puppy,Breast milk + Josera Family Plus,Breast milk _ HPLC-puppy,Not Applicable,Not Applicable,Duna-menti  Dumás ,"Puppy of Boszi, Litter E, Duna-menti  Dumás kennel"
PRJEB82125,ERS22560514,Dog_gut_microbiome_DMD_E_PM2_240711_Turkiz_N2,DMD_E_Turkiz,2024-05-29,2024-07-11,6.14,0.12,male,puppy,puppy,Breast milk + Josera Family Plus,Breast milk _ HPLC-puppy,Not Applicable,Not Applicable,Duna-menti  Dumás ,"Puppy of Boszi, Litter E, Duna-menti  Dumás kennel"
PRJEB82125,ERS22560515,Dog_gut_microbiome_DMD_E_PM2_240722_Turkiz_N3,DMD_E_Turkiz,2024-05-29,2024-07-22,7.71,0.15,male,puppy,puppy,Breast milk + Josera Family Plus,Breast milk _ HPLC-puppy,Not Applicable,Not Applicable,Duna-menti  Dumás ,"Puppy of Boszi, Litter E, Duna-menti  Dumás kennel"
PRJEB82125,ERS22560516,Dog_gut_microbiome_DMD_E_PF1_240615_Citrom_N1,DMD_E_Citrom,2024-05-29,2024-06-15,2.43,0.04,female,puppy,puppy,Breast milk,Breast milk,Not Applicable,Not Applicable,Duna-menti  Dumás ,"Puppy of Boszi, Litter E, Duna-menti  Dumás kennel"
PRJEB82125,ERS22560517,Dog_gut_microbiome_DMD_E_PF1_240622_Citrom_N2,DMD_E_Citrom,2024-05-29,2024-06-22,3.43,0.06,female,puppy,puppy,Breast milk + Josera Family Plus,Breast milk _ HPLC-puppy,Not Applicable,Not Applicable,Duna-menti  Dumás ,"Puppy of Boszi, Litter E, Duna-menti  Dumás kennel"
PRJEB82125,ERS22560518,Dog_gut_microbiome_DMD_E_PF1_240711_Citrom_N3,DMD_E_Citrom,2024-05-29,2024-07-11,6.14,0.12,female,puppy,puppy,Breast milk + Josera Family Plus,Breast milk _ HPLC-puppy,Not Applicable,Not Applicable,Duna-menti  Dumás ,"Puppy of Boszi, Litter E, Duna-menti  Dumás kennel"
PRJEB82125,ERS22560519,Dog_gut_microbiome_DMD_E_PF1_240722_Citrom_N4,DMD_E_Citrom,2024-05-29,2024-07-22,7.71,0.15,female,puppy,puppy,Breast milk + Josera Family Plus,Breast milk _ HPLC-puppy,Not Applicable,Not Applicable,Duna-menti  Dumás ,"Puppy of Boszi, Litter E, Duna-menti  Dumás kennel"
PRJEB82125,ERS22560520,Dog_gut_microbiome_DMD_E_PF2_240622_Lila_N2,DMD_E_Lila,2024-05-29,2024-06-22,3.43,0.06,female,puppy,puppy,Breast milk + Josera Family Plus,Breast milk _ HPLC-puppy,Not Applicable,Not Applicable,Duna-menti  Dumás ,"Puppy of Boszi, Litter E, Duna-menti  Dumás kennel"
PRJEB82125,ERS22560521,Dog_gut_microbiome_DMD_E_PF2_240624_Lila_N1,DMD_E_Lila,2024-05-29,2024-06-24,3.71,0.07,female,puppy,puppy,Breast milk + Josera Family Plus,Breast milk _ HPLC-puppy,Not Applicable,Not Applicable,Duna-menti  Dumás ,"Puppy of Boszi, Litter E, Duna-menti  Dumás kennel"
PRJEB82125,ERS22560522,Dog_gut_microbiome_DMD_E_PF2_240711_Lila_N3,DMD_E_Lila,2024-05-29,2024-07-11,6.14,0.12,female,puppy,puppy,Breast milk + Josera Family Plus,Breast milk _ HPLC-puppy,Not Applicable,Not Applicable,Duna-menti  Dumás ,"Puppy of Boszi, Litter E, Duna-menti  Dumás kennel"
PRJEB82125,ERS22560523,Dog_gut_microbiome_DMD_E_PF2_240722_Lila_N4,DMD_E_Lila,2024-05-29,2024-07-22,7.71,0.15,female,puppy,puppy,Breast milk + Josera Family Plus,Breast milk _ HPLC-puppy,Not Applicable,Not Applicable,Duna-menti  Dumás ,"Puppy of Boszi, Litter E, Duna-menti  Dumás kennel"
PRJEB82125,ERS22560524,Dog_gut_microbiome_DMD_E_PF3_240617_Narancs_N1,DMD_E_Narancs,2024-05-29,2024-06-17,2.71,0.05,female,puppy,puppy,Breast milk,Breast milk,Not Applicable,Not Applicable,Duna-menti  Dumás ,"Puppy of Boszi, Litter E, Duna-menti  Dumás kennel"
PRJEB82125,ERS22560525,Dog_gut_microbiome_DMD_E_PF3_240711_Narancs_N2,DMD_E_Narancs,2024-05-29,2024-07-11,6.14,0.12,female,puppy,puppy,Breast milk + Josera Family Plus,Breast milk _ HPLC-puppy,Not Applicable,Not Applicable,Duna-menti  Dumás ,"Puppy of Boszi, Litter E, Duna-menti  Dumás kennel"
PRJEB82125,ERS22560526,Dog_gut_microbiome_DMD_E_PF3_240722_Narancs_N3,DMD_E_Narancs,2024-05-29,2024-07-22,7.71,0.15,female,puppy,puppy,Breast milk + Josera Family Plus,Breast milk _ HPLC-puppy,Not Applicable,Not Applicable,Duna-menti  Dumás ,"Puppy of Boszi, Litter E, Duna-menti  Dumás kennel"
PRJEB82125,ERS22560527,Dog_gut_microbiome_DMD_E_PF4_240616_Rozsaszin_N1,DMD_E_Rozsaszin,2024-05-29,2024-06-16,2.57,0.05,female,puppy,puppy,Breast milk,Breast milk,Not Applicable,Not Applicable,Duna-menti  Dumás ,"Puppy of Boszi, Litter E, Duna-menti  Dumás kennel"
PRJEB82125,ERS22560528,Dog_gut_microbiome_DMD_E_PF4_240623_Rozsaszin_N2,DMD_E_Rozsaszin,2024-05-29,2024-06-23,3.57,0.07,female,puppy,puppy,Breast milk + Josera Family Plus,Breast milk + HPLC-puppy,Not Applicable,Not Applicable,Duna-menti  Dumás ,"Puppy of Boszi, Litter E, Duna-menti  Dumás kennel"
PRJEB82125,ERS22560529,Dog_gut_microbiome_DMD_E_PF4_240711_Rozsaszin_N3,DMD_E_Rozsaszin,2024-05-29,2024-07-11,6.14,0.12,female,puppy,puppy,Breast milk + Josera Family Plus,Breast milk + HPLC-puppy,Not Applicable,Not Applicable,Duna-menti  Dumás ,"Puppy of Boszi, Litter E, Duna-menti  Dumás kennel"
PRJEB82125,ERS22560530,Dog_gut_microbiome_DMD_E_PF4_240722_Rozsaszin_N4,DMD_E_Rozsaszin,2024-05-29,2024-07-22,7.71,0.15,female,puppy,puppy,Breast milk + Josera Family Plus,Breast milk + HPLC-puppy,Not Applicable,Not Applicable,Duna-menti  Dumás ,"Puppy of Boszi, Litter E, Duna-menti  Dumás kennel"
PRJEB82125,ERS22560531,Dog_gut_microbiome_PP_0_AF1_230814_Sari1,PP_0_Sari,2008-02-16,2023-08-14,808.29,15.49,female,adult,adult_control,TeamBreader Sensitive Salmon - Lamb,MPHC-adult,Not Applicable,Not Applicable,Pattogó Parázs,"Control adult dog, same living environment, Pattogó Parázs kennel"
PRJEB82125,ERS22560532,Dog_gut_microbiome_PP_0_AF1_230714_Sari2,PP_0_Sari,2008-02-16,2023-07-14,803.86,15.41,female,adult,adult_control,TeamBreader Sensitive Salmon - Lamb,MPHC-adult,Not Applicable,Not Applicable,Pattogó Parázs,"Control adult dog, same living environment, Pattogó Parázs kennel"
PRJEB82125,ERS22560533,Dog_gut_microbiome_PP_0_AF2_230714_Cecilia1,PP_0_Cecilia,2014-07-17,2023-07-14,469.14,8.99,female,adult,adult_control,TeamBreader Sensitive Salmon - Lamb,MPHC-adult,Not Applicable,Not Applicable,Pattogó Parázs,"Control adult dog, same living environment, Pattogó Parázs kennel"
PRJEB82125,ERS22560534,Dog_gut_microbiome_PP_0_AF2_230814_Cecilia2,PP_0_Cecilia,2014-07-17,2023-08-14,473.57,9.08,female,adult,adult_control,TeamBreader Sensitive Salmon - Lamb,MPHC-adult,Not Applicable,Not Applicable,Pattogó Parázs,"Control adult dog, same living environment, Pattogo Parasz kennel"
PRJEB82125,ERS22560535,Dog_gut_microbiome_PP_0_AF3_230709_Fancsi2,PP_0_Fancsi,2017-07-18,2023-07-09,311.71,5.98,female,adult,lactation,TeamBreader Sensitive Salmon - Lamb,MPHC-adult,non gravid (6 post-parturition day),Lactation (early),Pattogó Parázs,"Mother of Litter K, Pattogó Parázs kennel"
PRJEB82125,ERS22560536,Dog_gut_microbiome_PP_0_AF4_230714_Gondor1,PP_0_Gondor,2019-02-04,2023-07-14,231.57,4.44,female,adult,adult_control,TeamBreader Sensitive Salmon - Lamb,MPHC-adult,Not Applicable,Not Applicable,Pattogó Parázs,"Control adult dog, same living environment, Pattogó Parázs kennel"
PRJEB82125,ERS22560537,Dog_gut_microbiome_PP_0_AF4_230814_Gondor2,PP_0_Gondor,2019-02-04,2023-08-14,236.00,4.53,female,adult,adult_control,TeamBreader Sensitive Salmon - Lamb,MPHC-adult,Not Applicable,Not Applicable,Pattogó Parázs,"Control adult dog, same living environment, Pattogó Parázs kennel"
PRJEB82125,ERS22560538,Dog_gut_microbiome_PP_0_AF5_230714_Huncut1,PP_0_Huncut,2020-03-21,2023-07-14,172.86,3.31,female,adult,adult_control,TeamBreader Sensitive Salmon - Lamb,MPHC-adult,Not Applicable,Not Applicable,Pattogó Parázs,"Control adult dog, same living environment, Pattogó Parázs kennel"
PRJEB82125,ERS22560539,Dog_gut_microbiome_PP_0_AF5_230814_Huncut2,PP_0_Huncut,2020-03-21,2023-08-14,177.29,3.40,female,adult,adult_control,TeamBreader Sensitive Salmon - Lamb,MPHC-adult,Not Applicable,Not Applicable,Pattogó Parázs,"Control adult dog, same living environment, Pattogó Parázs kennel"
PRJEB82125,ERS22560540,Dog_gut_microbiome_PP_0_AM1_230714_Apo1,PP_0_Apo,2011-04-12,2023-07-14,639.43,12.26,male,adult,adult_control,TeamBreader Sensitive Salmon - Lamb,MPHC-adult,Not Applicable,Not Applicable,Pattogó Parázs,"Control adult dog, same living environment, Pattogó Parázs kennel"
PRJEB82125,ERS22560541,Dog_gut_microbiome_PP_0_AM1_230814_Apo2,PP_0_Apo,2011-04-12,2023-08-14,643.86,12.34,male,adult,adult_control,TeamBreader Sensitive Salmon - Lamb,MPHC-adult,Not Applicable,Not Applicable,Pattogó Parázs,"Control adult dog, same living environment, Pattogó Parázs kennel"
PRJEB82125,ERS22560542,Dog_gut_microbiome_PP_0_AM2_230714_Felseg1,PP_0_Felseg,2017-07-18,2023-07-14,312.43,5.99,male,adult,adult_control,TeamBreader Sensitive Salmon - Lamb,MPHC-adult,Not Applicable,Not Applicable,Pattogó Parázs,"Control adult dog, same living environment, Pattogó Parázs kennel"
PRJEB82125,ERS22560543,Dog_gut_microbiome_PP_0_AM2_230814_Felseg2,PP_0_Felseg,2017-07-18,2023-08-14,316.86,6.07,male,adult,adult_control,TeamBreader Sensitive Salmon - Lamb,MPHC-adult,Not Applicable,Not Applicable,Pattogó Parázs,"Control adult dog, same living environment, Pattogó Parázs kennel"
PRJEB82125,ERS22560544,Dog_gut_microbiome_PP_0_AM3_230714_Guru1,PP_0_Guru,2019-02-04,2023-07-14,231.57,4.44,male,adult,adult_control,TeamBreader Sensitive Salmon - Lamb,MPHC-adult,Not Applicable,Not Applicable,Pattogó Parázs,"Control adult dog, same living environment, Pattogó Parázs kennel"
PRJEB82125,ERS22560545,Dog_gut_microbiome_PP_0_AM3_230814_Guru2,PP_0_Guru,2019-02-04,2023-08-14,236.00,4.53,male,adult,adult_control,TeamBreader Sensitive Salmon - Lamb,MPHC-adult,Not Applicable,Not Applicable,Pattogó Parázs,"Control adult dog, same living environment, Pattogó Parázs kennel"
PRJEB82125,ERS22560546,Dog_gut_microbiome_PP_K_PF1_230724_Piros2,PP_K_Piros,2023-07-03,2023-07-24,3.00,0.06,female,puppy,puppy,TeamBreader Sensitive Puppy,HPMC-puppy,Not Applicable,Not Applicable,Pattogó Parázs,"Puppy of Fancsi, Litter K, Pattogó Parázs kennel"
PRJEB82125,ERS22560547,Dog_gut_microbiome_PP_K_PF1_230806_Piros1,PP_K_Piros,2023-07-03,2023-08-06,4.86,0.09,female,puppy,puppy,TeamBreader Sensitive Puppy,HPMC-puppy,Not Applicable,Not Applicable,Pattogó Parázs,"Puppy of Fancsi, Litter K, Pattogó Parázs kennel"
PRJEB82125,ERS22560548,Dog_gut_microbiome_PP_K_PF1_230814_Piros3,PP_K_Piros,2023-07-03,2023-08-14,6.00,0.11,female,puppy,puppy,TeamBreader Sensitive Puppy,HPMC-puppy,Not Applicable,Not Applicable,Pattogó Parázs,"Puppy of Fancsi, Litter K, Pattogó Parázs kennel"
PRJEB82125,ERS22560549,Dog_gut_microbiome_PP_K_PF1_230904_Piros4,PP_K_Piros,2023-07-03,2023-09-04,9.00,0.17,female,puppy,puppy,TeamBreader Sensitive Puppy,HPMC-puppy,Not Applicable,Not Applicable,Pattogó Parázs,"Puppy of Fancsi, Litter K, Pattogó Parázs kennel"
PRJEB82125,ERS22560550,Dog_gut_microbiome_PP_K_PF2_230806_Kocos1,PP_K_Kocos,2023-07-03,2023-08-06,4.86,0.09,female,puppy,puppy,TeamBreader Sensitive Puppy,HPMC-puppy,Not Applicable,Not Applicable,Pattogó Parázs,"Puppy of Fancsi, Litter K, Pattogó Parázs kennel"
PRJEB82125,ERS22560551,Dog_gut_microbiome_PP_K_PF2_230814_Kocos2,PP_K_Kocos,2023-07-03,2023-08-14,6.00,0.11,female,puppy,puppy,TeamBreader Sensitive Puppy,HPMC-puppy,Not Applicable,Not Applicable,Pattogó Parázs,"Puppy of Fancsi, Litter K, Pattogó Parázs kennel"
PRJEB82125,ERS22560552,Dog_gut_microbiome_PP_K_PF2_230904_Kocos3,PP_K_Kocos,2023-07-03,2023-09-04,9.00,0.17,female,puppy,puppy,TeamBreader Sensitive Puppy,HPMC-puppy,Not Applicable,Not Applicable,Pattogó Parázs,"Puppy of Fancsi, Litter K, Pattogó Parázs kennel"
PRJEB82125,ERS22560553,Dog_gut_microbiome_PP_K_PF2_230911_Kocos4,PP_K_Kocos,2023-07-03,2023-09-11,10.00,0.19,female,puppy,puppy,TeamBreader Sensitive Puppy,HPMC-puppy,Not Applicable,Not Applicable,Pattogó Parázs,"Puppy of Fancsi, Litter K, Pattogó Parázs kennel"
PRJEB82125,ERS22560554,Dog_gut_microbiome_PP_K_PF2_230918_Kocos5,PP_K_Kocos,2023-07-03,2023-09-18,11.00,0.21,female,puppy,puppy,TeamBreader Sensitive Puppy,HPMC-puppy,Not Applicable,Not Applicable,Pattogó Parázs,"Puppy of Fancsi, Litter K, Pattogó Parázs kennel"
PRJEB82125,ERS22560555,Dog_gut_microbiome_PP_K_PM1_230722_Bezs5,PP_K_Bezs,2023-07-03,2023-07-22,2.71,0.05,male,puppy,puppy,Breast milk,Breast milk,Not Applicable,Not Applicable,Pattogó Parázs,"Puppy of Fancsi, Litter K, Pattogó Parázs kennel"
PRJEB82125,ERS22560556,Dog_gut_microbiome_PP_K_PM1_230726_Bezs1,PP_K_Bezs,2023-07-03,2023-07-26,3.29,0.06,male,puppy,puppy,TeamBreader Sensitive Puppy,HPMC-puppy,Not Applicable,Not Applicable,Pattogó Parázs,"Puppy of Fancsi, Litter K, Pattogó Parázs kennel"
PRJEB82125,ERS22560557,Dog_gut_microbiome_PP_K_PM1_230726_Bezs4,PP_K_Bezs,2023-07-03,2023-07-26,3.29,0.06,male,puppy,puppy,TeamBreader Sensitive Puppy,HPMC-puppy,Not Applicable,Not Applicable,Pattogó Parázs,"Puppy of Fancsi, Litter K, Pattogó Parázs kennel"
PRJEB82125,ERS22560558,Dog_gut_microbiome_PP_K_PM1_230806_Bezs2,PP_K_Bezs,2023-07-03,2023-08-06,4.86,0.09,male,puppy,puppy,TeamBreader Sensitive Puppy,HPMC-puppy,Not Applicable,Not Applicable,Pattogó Parázs,"Puppy of Fancsi, Litter K, Pattogó Parázs kennel"
PRJEB82125,ERS22560559,Dog_gut_microbiome_PP_K_PM1_230814_Bezs3,PP_K_Bezs,2023-07-03,2023-08-14,6.00,0.11,male,puppy,puppy,TeamBreader Sensitive Puppy,HPMC-puppy,Not Applicable,Not Applicable,Pattogó Parázs,"Puppy of Fancsi, Litter K, Pattogó Parázs kennel"
PRJEB82125,ERS22560560,Dog_gut_microbiome_PP_K_PM2_230726_Kek1,PP_K_Kek,2023-07-03,2023-07-26,3.29,0.06,male,puppy,puppy,TeamBreader Sensitive Puppy,HPMC-puppy,Not Applicable,Not Applicable,Pattogó Parázs,"Puppy of Fancsi, Litter K, Pattogó Parázs kennel"
PRJEB82125,ERS22560561,Dog_gut_microbiome_PP_K_PM2_230806_Kek2,PP_K_Kek,2023-07-03,2023-08-06,4.86,0.09,male,puppy,puppy,TeamBreader Sensitive Puppy,HPMC-puppy,Not Applicable,Not Applicable,Pattogó Parázs,"Puppy of Fancsi, Litter K, Pattogó Parázs kennel"
PRJEB82125,ERS22560562,Dog_gut_microbiome_PP_K_PM2_230814_Kek3,PP_K_Kek,2023-07-03,2023-08-14,6.00,0.11,male,puppy,puppy,TeamBreader Sensitive Puppy,HPMC-puppy,Not Applicable,Not Applicable,Pattogó Parázs,"Puppy of Fancsi, Litter K, Pattogó Parázs kennel"
PRJEB82125,ERS22560563,Dog_gut_microbiome_PP_K_PM2_230820_Kek4,PP_K_Kek,2023-07-03,2023-08-20,6.86,0.13,male,puppy,puppy,TeamBreader Sensitive Puppy,HPMC-puppy,Not Applicable,Not Applicable,Pattogó Parázs,"Puppy of Fancsi, Litter K, Pattogó Parázs kennel"
PRJEB82125,ERS22560564,Dog_gut_microbiome_PP_K_PM3_230727_Lila1,PP_K_Lila,2023-07-03,2023-07-27,3.43,0.07,male,puppy,puppy,TeamBreader Sensitive Puppy,HPMC-puppy,Not Applicable,Not Applicable,Pattogó Parázs,"Puppy of Fancsi, Litter K, Pattogó Parázs kennel"
PRJEB82125,ERS22560565,Dog_gut_microbiome_PP_K_PM3_230806_Lila2,PP_K_Lila,2023-07-03,2023-08-06,4.86,0.09,male,puppy,puppy,TeamBreader Sensitive Puppy,HPMC-puppy,Not Applicable,Not Applicable,Pattogó Parázs,"Puppy of Fancsi, Litter K, Pattogó Parázs kennel"
PRJEB82125,ERS22560566,Dog_gut_microbiome_PP_K_PM3_230903_Lila3,PP_K_Lila,2023-07-03,2023-09-03,8.86,0.17,male,puppy,puppy,TeamBreader Sensitive Puppy,HPMC-puppy,Not Applicable,Not Applicable,Pattogó Parázs,"Puppy of Fancsi, Litter K, Pattogó Parázs kennel"
PRJEB82125,ERS22560567,Dog_gut_microbiome_PP_K_PM4_230806_Zold3,PP_K_Zold,2023-07-03,2023-08-06,4.86,0.09,male,puppy,puppy,TeamBreader Sensitive Puppy,HPMC-puppy,Not Applicable,Not Applicable,Pattogó Parázs,"Puppy of Fancsi, Litter K, Pattogó Parázs kennel"
PRJEB82125,ERS22560568,Dog_gut_microbiome_PP_K_PM4_230814_Zold4,PP_K_Zold,2023-07-03,2023-08-14,6.00,0.11,male,puppy,puppy,TeamBreader Sensitive Puppy,HPMC-puppy,Not Applicable,Not Applicable,Pattogó Parázs,"Puppy of Fancsi, Litter K, Pattogó Parázs kennel"
PRJEB82125,ERS22560569,Dog_gut_microbiome_PP_K_PM4_230904_Zold5,PP_K_Zold,2023-07-03,2023-09-04,9.00,0.17,male,puppy,puppy,TeamBreader Sensitive Puppy,HPMC-puppy,Not Applicable,Not Applicable,Pattogó Parázs,"Puppy of Fancsi, Litter K, Pattogó Parázs kennel"
PRJEB82125,ERS22560570,Dog_gut_microbiome_PP_K_PM4_230911_Zold1,PP_K_Zold,2023-07-03,2023-09-11,10.00,0.19,male,puppy,puppy,TeamBreader Sensitive Puppy,HPMC-puppy,Not Applicable,Not Applicable,Pattogó Parázs,"Puppy of Fancsi, Litter K, Pattogó Parázs kennel"
PRJEB82125,ERS22560571,Dog_gut_microbiome_PP_K_PM4_230918_Zold2,PP_K_Zold,2023-07-03,2023-09-18,11.00,0.21,male,puppy,puppy,TeamBreader Sensitive Puppy,HPMC-puppy,Not Applicable,Not Applicable,Pattogó Parázs,"Puppy of Fancsi, Litter K, Pattogó Parázs kennel"
PRJEB82125,ERS22560572,Dog_gut_microbiome_PP_K_PM5_230814_Kobold1,PP_K_Kobold,2023-07-03,2023-08-14,6.00,0.11,male,puppy,puppy,TeamBreader Sensitive Puppy,HPMC-puppy,Not Applicable,Not Applicable,Pattogó Parázs,"Puppy of Fancsi, Litter K, Pattogó Parázs kennel"
PRJEB82125,ERS22560573,Dog_gut_microbiome_PP_K_PM5_230820_Kobold2,PP_K_Kobold,2023-07-03,2023-08-20,6.86,0.13,male,puppy,puppy,TeamBreader Sensitive Puppy,HPMC-puppy,Not Applicable,Not Applicable,Pattogó Parázs,"Puppy of Fancsi, Litter K, Pattogó Parázs kennel"
PRJEB82125,ERS22560574,Dog_gut_microbiome_PP_K_PM5_230904_Kobold3,PP_K_Kobold,2023-07-03,2023-09-04,9.00,0.17,male,puppy,puppy,TeamBreader Sensitive Puppy,HPMC-puppy,Not Applicable,Not Applicable,Pattogó Parázs,"Puppy of Fancsi, Litter K, Pattogó Parázs kennel"
PRJEB82125,ERS22560575,Dog_gut_microbiome_PP_K_PM5_230911_Kobold4,PP_K_Kobold,2023-07-03,2023-09-11,10.00,0.19,male,puppy,puppy,TeamBreader Sensitive Puppy,HPMC-puppy,Not Applicable,Not Applicable,Pattogó Parázs,"Puppy of Fancsi, Litter K, Pattogó Parázs kennel"
PRJEB82125,ERS22560576,Dog_gut_microbiome_PP_K_PM5_230918_Kobold5,PP_K_Kobold,2023-07-03,2023-09-18,11.00,0.21,male,puppy,puppy,TeamBreader Sensitive Puppy,HPMC-puppy,Not Applicable,Not Applicable,Pattogó Parázs,"Puppy of Fancsi, Litter K, Pattogó Parázs kennel"
,,,,,,,,,,,,,,,,
,,,,,,,,,,,,,,,,
,,,,,,,,,,,,,,,,
,,,,,,,,,,,,,,,,
,,,,,,,,,,,,,,,,
,,,,,,,,,,,,,,,,
,,,,,,,,,,,,,,,,
,,,,,,,,,,,,,,,,
,,,,,,,,,,,,,,,,
,,,,,,,,,,,,,,,,
,,,,,,,,,,,,,,,,
,,,,,,,,,,,,,,,,
,,,,,,,,,,,,,,,,
,,,,,,,,,,,,,,,,
,,,,,,,,,,,,,,,,
,,,,,,,,,,,,,,,,
,,,,,,,,,,,,,,,,
,,,,,,,,,,,,,,,,
,,,,,,,,,,,,,,,,
,,,,,,,,,,,,,,,,
,,,,,,,,,,,,,,,,
,,,,,,,,,,,,,,,,
,,,,,,,,,,,,,,,,
,,,,,,,,,,,,,,,,
,,,,,,,,,,,,,,,,
,,,,,,,,,,,,,,,,
,,,,,,,,,,,,,,,,
,,,,,,,,,,,,,,,,
,,,,,,,,,,,,,,,,
,,,,,,,,,,,,,,,,
,,,,,,,,,,,,,,,,
,,,,,,,,,,,,,,,,
,,,,,,,,,,,,,,,,
,,,,,,,,,,,,,,,,
,,,,,,,,,,,,,,,,
,,,,,,,,,,,,,,,,
,,,,,,,,,,,,,,,,
,,,,,,,,,,,,,,,,
,,,,,,,,,,,,,,,,
,,,,,,,,,,,,,,,,
,,,,,,,,,,,,,,,,
,,,,,,,,,,,,,,,,
,,,,,,,,,,,,,,,,
,,,,,,,,,,,,,,,,
,,,,,,,,,,,,,,,,
,,,,,,,,,,,,,,,,
,,,,,,,,,,,,,,,,
,,,,,,,,,,,,,,,,
,,,,,,,,,,,,,,,,
,,,,,,,,,,,,,,,,
,,,,,,,,,,,,,,,,
,,,,,,,,,,,,,,,,
,,,,,,,,,,,,,,,,
,,,,,,,,,,,,,,,,
,,,,,,,,,,,,,,,,
,,,,,,,,,,,,,,,,
,,,,,,,,,,,,,,,,
,,,,,,,,,,,,,,,,
,,,,,,,,,,,,,,,,
,,,,,,,,,,,,,,,,
,,,,,,,,,,,,,,,,
,,,,,,,,,,,,,,,,
,,,,,,,,,,,,,,,,
,,,,,,,,,,,,,,,,
,,,,,,,,,,,,,,,,
,,,,,,,,,,,,,,,,
,,,,,,,,,,,,,,,,
,,,,,,,,,,,,,,,,
,,,,,,,,,,,,,,,,
,,,,,,,,,,,,,,,,
,,,,,,,,,,,,,,,,
,,,,,,,,,,,,,,,,
,,,,,,,,,,,,,,,,
,,,,,,,,,,,,,,,,
,,,,,,,,,,,,,,,,
,,,,,,,,,,,,,,,,
,,,,,,,,,,,,,,,,
,,,,,,,,,,,,,,,,
,,,,,,,,,,,,,,,,
,,,,,,,,,,,,,,,,
,,,,,,,,,,,,,,,,
,,,,,,,,,,,,,,,,
,,,,,,,,,,,,,,,,
,,,,,,,,,,,,,,,,
,,,,,,,,,,,,,,,,
,,,,,,,,,,,,,,,,
,,,,,,,,,,,,,,,,
,,,,,,,,,,,,,,,,
,,,,,,,,,,,,,,,,
,,,,,,,,,,,,,,,,
,,,,,,,,,,,,,,,,
,,,,,,,,,,,,,,,,
,,,,,,,,,,,,,,,,
,,,,,,,,,,,,,,,,
,,,,,,,,,,,,,,,,
,,,,,,,,,,,,,,,,
,,,,,,,,,,,,,,,,
,,,,,,,,,,,,,,,,
,,,,,,,,,,,,,,,,
,,,,,,,,,,,,,,,,
,,,,,,,,,,,,,,,,
,,,,,,,,,,,,,,,,
,,,,,,,,,,,,,,,,
,,,,,,,,,,,,,,,,
,,,,,,,,,,,,,,,,
,,,,,,,,,,,,,,,,
,,,,,,,,,,,,,,,,
,,,,,,,,,,,,,,,,
,,,,,,,,,,,,,,,,
,,,,,,,,,,,,,,,,
,,,,,,,,,,,,,,,,
,,,,,,,,,,,,,,,,
,,,,,,,,,,,,,,,,
,,,,,,,,,,,,,,,,
,,,,,,,,,,,,,,,,
,,,,,,,,,,,,,,,,
,,,,,,,,,,,,,,,,
,,,,,,,,,,,,,,,,
,,,,,,,,,,,,,,,,
,,,,,,,,,,,,,,,,
,,,,,,,,,,,,,,,,
,,,,,,,,,,,,,,,,
,,,,,,,,,,,,,,,,
,,,,,,,,,,,,,,,,
,,,,,,,,,,,,,,,,
,,,,,,,,,,,,,,,,
,,,,,,,,,,,,,,,,
,,,,,,,,,,,,,,,,
,,,,,,,,,,,,,,,,
,,,,,,,,,,,,,,,,
,,,,,,,,,,,,,,,,
,,,,,,,,,,,,,,,,
,,,,,,,,,,,,,,,,
,,,,,,,,,,,,,,,,
,,,,,,,,,,,,,,,,
,,,,,,,,,,,,,,,,
,,,,,,,,,,,,,,,,
,,,,,,,,,,,,,,,,
,,,,,,,,,,,,,,,,
,,,,,,,,,,,,,,,,
,,,,,,,,,,,,,,,,
,,,,,,,,,,,,,,,,
,,,,,,,,,,,,,,,,
,,,,,,,,,,,,,,,,
,,,,,,,,,,,,,,,,
,,,,,,,,,,,,,,,,
,,,,,,,,,,,,,,,,
,,,,,,,,,,,,,,,,
,,,,,,,,,,,,,,,,
,,,,,,,,,,,,,,,,
,,,,,,,,,,,,,,,,
,,,,,,,,,,,,,,,,
,,,,,,,,,,,,,,,,
,,,,,,,,,,,,,,,,
,,,,,,,,,,,,,,,,
,,,,,,,,,,,,,,,,
,,,,,,,,,,,,,,,,
,,,,,,,,,,,,,,,,
,,,,,,,,,,,,,,,,
,,,,,,,,,,,,,,,,
,,,,,,,,,,,,,,,,
,,,,,,,,,,,,,,,,
,,,,,,,,,,,,,,,,
,,,,,,,,,,,,,,,,
,,,,,,,,,,,,,,,,
,,,,,,,,,,,,,,,,
,,,,,,,,,,,,,,,,
,,,,,,,,,,,,,,,,
,,,,,,,,,,,,,,,,
,,,,,,,,,,,,,,,,
,,,,,,,,,,,,,,,,
,,,,,,,,,,,,,,,,
,,,,,,,,,,,,,,,,
,,,,,,,,,,,,,,,,
,,,,,,,,,,,,,,,,
,,,,,,,,,,,,,,,,
,,,,,,,,,,,,,,,,
,,,,,,,,,,,,,,,,
,,,,,,,,,,,,,,,,
,,,,,,,,,,,,,,,,
,,,,,,,,,,,,,,,,
,,,,,,,,,,,,,,,,
,,,,,,,,,,,,,,,,
,,,,,,,,,,,,,,,,
,,,,,,,,,,,,,,,,
,,,,,,,,,,,,,,,,
,,,,,,,,,,,,,,,,
,,,,,,,,,,,,,,,,
,,,,,,,,,,,,,,,,
,,,,,,,,,,,,,,,,
,,,,,,,,,,,,,,,,
,,,,,,,,,,,,,,,,
,,,,,,,,,,,,,,,,
,,,,,,,,,,,,,,,,
,,,,,,,,,,,,,,,,
,,,,,,,,,,,,,,,,
,,,,,,,,,,,,,,,,
,,,,,,,,,,,,,,,,
,,,,,,,,,,,,,,,,
,,,,,,,,,,,,,,,,
,,,,,,,,,,,,,,,,
,,,,,,,,,,,,,,,,
,,,,,,,,,,,,,,,,
,,,,,,,,,,,,,,,,
,,,,,,,,,,,,,,,,
,,,,,,,,,,,,,,,,
,,,,,,,,,,,,,,,,
,,,,,,,,,,,,,,,,
,,,,,,,,,,,,,,,,
,,,,,,,,,,,,,,,,
,,,,,,,,,,,,,,,,
,,,,,,,,,,,,,,,,
,,,,,,,,,,,,,,,,
,,,,,,,,,,,,,,,,
,,,,,,,,,,,,,,,,
,,,,,,,,,,,,,,,,
,,,,,,,,,,,,,,,,
,,,,,,,,,,,,,,,,
,,,,,,,,,,,,,,,,
,,,,,,,,,,,,,,,,
,,,,,,,,,,,,,,,,
,,,,,,,,,,,,,,,,
,,,,,,,,,,,,,,,,
,,,,,,,,,,,,,,,,
,,,,,,,,,,,,,,,,
,,,,,,,,,,,,,,,,
,,,,,,,,,,,,,,,,
,,,,,,,,,,,,,,,,
,,,,,,,,,,,,,,,,
,,,,,,,,,,,,,,,,
,,,,,,,,,,,,,,,,
,,,,,,,,,,,,,,,,
,,,,,,,,,,,,,,,,
,,,,,,,,,,,,,,,,
,,,,,,,,,,,,,,,,
,,,,,,,,,,,,,,,,
,,,,,,,,,,,,,,,,
,,,,,,,,,,,,,,,,
,,,,,,,,,,,,,,,,
,,,,,,,,,,,,,,,,
,,,,,,,,,,,,,,,,
,,,,,,,,,,,,,,,,
,,,,,,,,,,,,,,,,
,,,,,,,,,,,,,,,,
,,,,,,,,,,,,,,,,
,,,,,,,,,,,,,,,,
,,,,,,,,,,,,,,,,
,,,,,,,,,,,,,,,,
,,,,,,,,,,,,,,,,
,,,,,,,,,,,,,,,,
,,,,,,,,,,,,,,,,
,,,,,,,,,,,,,,,,
,,,,,,,,,,,,,,,,
,,,,,,,,,,,,,,,,
,,,,,,,,,,,,,,,,
,,,,,,,,,,,,,,,,
,,,,,,,,,,,,,,,,
,,,,,,,,,,,,,,,,
,,,,,,,,,,,,,,,,
,,,,,,,,,,,,,,,,
,,,,,,,,,,,,,,,,
,,,,,,,,,,,,,,,,
,,,,,,,,,,,,,,,,
,,,,,,,,,,,,,,,,
,,,,,,,,,,,,,,,,
,,,,,,,,,,,,,,,,
,,,,,,,,,,,,,,,,
,,,,,,,,,,,,,,,,
,,,,,,,,,,,,,,,,
,,,,,,,,,,,,,,,,
,,,,,,,,,,,,,,,,
,,,,,,,,,,,,,,,,
,,,,,,,,,,,,,,,,
,,,,,,,,,,,,,,,,
,,,,,,,,,,,,,,,,
,,,,,,,,,,,,,,,,
,,,,,,,,,,,,,,,,
,,,,,,,,,,,,,,,,
,,,,,,,,,,,,,,,,
,,,,,,,,,,,,,,,,
,,,,,,,,,,,,,,,,
,,,,,,,,,,,,,,,,
,,,,,,,,,,,,,,,,
,,,,,,,,,,,,,,,,
,,,,,,,,,,,,,,,,
,,,,,,,,,,,,,,,,
,,,,,,,,,,,,,,,,
,,,,,,,,,,,,,,,,
,,,,,,,,,,,,,,,,
,,,,,,,,,,,,,,,,
,,,,,,,,,,,,,,,,
,,,,,,,,,,,,,,,,
,,,,,,,,,,,,,,,,
,,,,,,,,,,,,,,,,
,,,,,,,,,,,,,,,,
,,,,,,,,,,,,,,,,
,,,,,,,,,,,,,,,,
,,,,,,,,,,,,,,,,
,,,,,,,,,,,,,,,,
,,,,,,,,,,,,,,,,
,,,,,,,,,,,,,,,,
,,,,,,,,,,,,,,,,
,,,,,,,,,,,,,,,,
,,,,,,,,,,,,,,,,
,,,,,,,,,,,,,,,,
,,,,,,,,,,,,,,,,
,,,,,,,,,,,,,,,,
,,,,,,,,,,,,,,,,
,,,,,,,,,,,,,,,,
,,,,,,,,,,,,,,,,
,,,,,,,,,,,,,,,,
,,,,,,,,,,,,,,,,
,,,,,,,,,,,,,,,,
,,,,,,,,,,,,,,,,
,,,,,,,,,,,,,,,,
,,,,,,,,,,,,,,,,
,,,,,,,,,,,,,,,,
,,,,,,,,,,,,,,,,
,,,,,,,,,,,,,,,,
,,,,,,,,,,,,,,,,
,,,,,,,,,,,,,,,,
,,,,,,,,,,,,,,,,
,,,,,,,,,,,,,,,,
,,,,,,,,,,,,,,,,
,,,,,,,,,,,,,,,,
,,,,,,,,,,,,,,,,
,,,,,,,,,,,,,,,,
,,,,,,,,,,,,,,,,
,,,,,,,,,,,,,,,,
,,,,,,,,,,,,,,,,
,,,,,,,,,,,,,,,,
,,,,,,,,,,,,,,,,
,,,,,,,,,,,,,,,,
,,,,,,,,,,,,,,,,
,,,,,,,,,,,,,,,,
,,,,,,,,,,,,,,,,
,,,,,,,,,,,,,,,,
,,,,,,,,,,,,,,,,
,,,,,,,,,,,,,,,,
,,,,,,,,,,,,,,,,
,,,,,,,,,,,,,,,,
,,,,,,,,,,,,,,,,
,,,,,,,,,,,,,,,,
,,,,,,,,,,,,,,,,
,,,,,,,,,,,,,,,,
,,,,,,,,,,,,,,,,
,,,,,,,,,,,,,,,,
,,,,,,,,,,,,,,,,
,,,,,,,,,,,,,,,,
,,,,,,,,,,,,,,,,
,,,,,,,,,,,,,,,,
,,,,,,,,,,,,,,,,
,,,,,,,,,,,,,,,,
,,,,,,,,,,,,,,,,
,,,,,,,,,,,,,,,,
,,,,,,,,,,,,,,,,
,,,,,,,,,,,,,,,,
,,,,,,,,,,,,,,,,
,,,,,,,,,,,,,,,,
,,,,,,,,,,,,,,,,
,,,,,,,,,,,,,,,,
,,,,,,,,,,,,,,,,
,,,,,,,,,,,,,,,,
,,,,,,,,,,,,,,,,
,,,,,,,,,,,,,,,,
,,,,,,,,,,,,,,,,
,,,,,,,,,,,,,,,,
,,,,,,,,,,,,,,,,
,,,,,,,,,,,,,,,,
,,,,,,,,,,,,,,,,
,,,,,,,,,,,,,,,,
,,,,,,,,,,,,,,,,
,,,,,,,,,,,,,,,,
,,,,,,,,,,,,,,,,
,,,,,,,,,,,,,,,,
,,,,,,,,,,,,,,,,
,,,,,,,,,,,,,,,,
,,,,,,,,,,,,,,,,
,,,,,,,,,,,,,,,,
,,,,,,,,,,,,,,,,
,,,,,,,,,,,,,,,,
,,,,,,,,,,,,,,,,
,,,,,,,,,,,,,,,,
,,,,,,,,,,,,,,,,
,,,,,,,,,,,,,,,,
,,,,,,,,,,,,,,,,
,,,,,,,,,,,,,,,,
,,,,,,,,,,,,,,,,
,,,,,,,,,,,,,,,,
,,,,,,,,,,,,,,,,
,,,,,,,,,,,,,,,,
,,,,,,,,,,,,,,,,
,,,,,,,,,,,,,,,,
,,,,,,,,,,,,,,,,
,,,,,,,,,,,,,,,,
,,,,,,,,,,,,,,,,
,,,,,,,,,,,,,,,,
,,,,,,,,,,,,,,,,
,,,,,,,,,,,,,,,,
,,,,,,,,,,,,,,,,
,,,,,,,,,,,,,,,,
,,,,,,,,,,,,,,,,
,,,,,,,,,,,,,,,,
,,,,,,,,,,,,,,,,
,,,,,,,,,,,,,,,,
,,,,,,,,,,,,,,,,
,,,,,,,,,,,,,,,,
,,,,,,,,,,,,,,,,
,,,,,,,,,,,,,,,,
,,,,,,,,,,,,,,,,
,,,,,,,,,,,,,,,,
,,,,,,,,,,,,,,,,
,,,,,,,,,,,,,,,,
,,,,,,,,,,,,,,,,
,,,,,,,,,,,,,,,,
,,,,,,,,,,,,,,,,
,,,,,,,,,,,,,,,,
,,,,,,,,,,,,,,,,
,,,,,,,,,,,,,,,,
,,,,,,,,,,,,,,,,
,,,,,,,,,,,,,,,,
,,,,,,,,,,,,,,,,
,,,,,,,,,,,,,,,,
,,,,,,,,,,,,,,,,
,,,,,,,,,,,,,,,,
,,,,,,,,,,,,,,,,
,,,,,,,,,,,,,,,,
,,,,,,,,,,,,,,,,
,,,,,,,,,,,,,,,,
,,,,,,,,,,,,,,,,
,,,,,,,,,,,,,,,,
,,,,,,,,,,,,,,,,
,,,,,,,,,,,,,,,,
,,,,,,,,,,,,,,,,
,,,,,,,,,,,,,,,,
,,,,,,,,,,,,,,,,
,,,,,,,,,,,,,,,,
,,,,,,,,,,,,,,,,
,,,,,,,,,,,,,,,,
,,,,,,,,,,,,,,,,
,,,,,,,,,,,,,,,,
,,,,,,,,,,,,,,,,
,,,,,,,,,,,,,,,,
,,,,,,,,,,,,,,,,
,,,,,,,,,,,,,,,,
,,,,,,,,,,,,,,,,
,,,,,,,,,,,,,,,,
,,,,,,,,,,,,,,,,
,,,,,,,,,,,,,,,,
,,,,,,,,,,,,,,,,
,,,,,,,,,,,,,,,,
,,,,,,,,,,,,,,,,
,,,,,,,,,,,,,,,,
,,,,,,,,,,,,,,,,
,,,,,,,,,,,,,,,,
,,,,,,,,,,,,,,,,
,,,,,,,,,,,,,,,,
,,,,,,,,,,,,,,,,
,,,,,,,,,,,,,,,,
,,,,,,,,,,,,,,,,
,,,,,,,,,,,,,,,,
,,,,,,,,,,,,,,,,
,,,,,,,,,,,,,,,,
,,,,,,,,,,,,,,,,
,,,,,,,,,,,,,,,,
,,,,,,,,,,,,,,,,
,,,,,,,,,,,,,,,,
,,,,,,,,,,,,,,,,
,,,,,,,,,,,,,,,,
,,,,,,,,,,,,,,,,
,,,,,,,,,,,,,,,,
,,,,,,,,,,,,,,,,
,,,,,,,,,,,,,,,,
,,,,,,,,,,,,,,,,
,,,,,,,,,,,,,,,,
,,,,,,,,,,,,,,,,
,,,,,,,,,,,,,,,,
,,,,,,,,,,,,,,,,
,,,,,,,,,,,,,,,,
,,,,,,,,,,,,,,,,
,,,,,,,,,,,,,,,,
,,,,,,,,,,,,,,,,
,,,,,,,,,,,,,,,,
,,,,,,,,,,,,,,,,
,,,,,,,,,,,,,,,,
,,,,,,,,,,,,,,,,
,,,,,,,,,,,,,,,,
,,,,,,,,,,,,,,,,
,,,,,,,,,,,,,,,,
,,,,,,,,,,,,,,,,
,,,,,,,,,,,,,,,,
,,,,,,,,,,,,,,,,
,,,,,,,,,,,,,,,,
,,,,,,,,,,,,,,,,
,,,,,,,,,,,,,,,,
,,,,,,,,,,,,,,,,
,,,,,,,,,,,,,,,,
,,,,,,,,,,,,,,,,
,,,,,,,,,,,,,,,,
,,,,,,,,,,,,,,,,
,,,,,,,,,,,,,,,,
,,,,,,,,,,,,,,,,
,,,,,,,,,,,,,,,,
,,,,,,,,,,,,,,,,
,,,,,,,,,,,,,,,,
,,,,,,,,,,,,,,,,
,,,,,,,,,,,,,,,,
,,,,,,,,,,,,,,,,
,,,,,,,,,,,,,,,,
,,,,,,,,,,,,,,,,
,,,,,,,,,,,,,,,,
,,,,,,,,,,,,,,,,
,,,,,,,,,,,,,,,,
,,,,,,,,,,,,,,,,
,,,,,,,,,,,,,,,,
,,,,,,,,,,,,,,,,
,,,,,,,,,,,,,,,,
,,,,,,,,,,,,,,,,
,,,,,,,,,,,,,,,,
,,,,,,,,,,,,,,,,
,,,,,,,,,,,,,,,,
,,,,,,,,,,,,,,,,
,,,,,,,,,,,,,,,,
,,,,,,,,,,,,,,,,
,,,,,,,,,,,,,,,,
,,,,,,,,,,,,,,,,
,,,,,,,,,,,,,,,,
,,,,,,,,,,,,,,,,
,,,,,,,,,,,,,,,,
,,,,,,,,,,,,,,,,
,,,,,,,,,,,,,,,,
,,,,,,,,,,,,,,,,
,,,,,,,,,,,,,,,,
,,,,,,,,,,,,,,,,
,,,,,,,,,,,,,,,,
,,,,,,,,,,,,,,,,
,,,,,,,,,,,,,,,,
,,,,,,,,,,,,,,,,
,,,,,,,,,,,,,,,,
,,,,,,,,,,,,,,,,
,,,,,,,,,,,,,,,,
,,,,,,,,,,,,,,,,